Country,Region,Year,Crop_Type,Crop_Yield_Tonnes_per_Ha,Avg_Temperature_C,Annual_Rainfall_mm,Severe_Drought,Fertilizer_Usage_kg_ha,Pesticide_Usage_kg_ha,Food_Insecurity_Index
Pakistan,South Asia,2014,Soybeans,4.75,23.73,1330.8,No,83.6,2.21,42.7
Thailand,Southeast Asia,2001,Potatoes,24.53,22.46,1429.5,No,176.8,6.13,28.5
South Africa,Sub-Saharan Africa,2014,Cassava,15.81,23.9,1321.7,No,109.6,2.56,58.1
Uganda,Sub-Saharan Africa,2013,Soybeans,3.98,25.44,1186.9,No,68.5,3.15,55.5
Argentina,South America,2003,Wheat,5.02,23.14,773.9,No,78.9,0.85,29.4
Egypt,Middle East & North Africa,2003,Cassava,15.32,23.45,642.8,No,80.9,2.4,49.0
Ukraine,Europe,2014,Wheat,5.14,11.18,608.3,No,59.4,3.89,26.1
Pakistan,South Asia,2007,Wheat,5.34,20.67,922.0,No,52.7,6.15,32.3
United States,North America,2014,Potatoes,24.13,16.31,1148.9,No,108.7,6.24,25.4
Ukraine,Europe,2006,Maize (Corn),5.06,18.98,693.7,Yes,55.6,3.16,52.4
China,East Asia,2012,Rice,5.3,21.38,871.0,No,83.8,0.76,22.1
Uganda,Sub-Saharan Africa,2000,Cassava,14.9,27.53,622.2,No,73.1,1.35,63.7
Tanzania,Sub-Saharan Africa,2021,Maize (Corn),7.29,27.38,585.4,No,87.1,1.6,61.3
Nigeria,Sub-Saharan Africa,2023,Wheat,5.19,27.1,841.8,No,93.5,1.6,53.9
Kenya,Sub-Saharan Africa,2005,Rice,6.73,27.58,662.6,No,130.9,1.46,61.3
Vietnam,Southeast Asia,2008,Wheat,4.71,20.54,1258.4,No,73.2,2.78,24.4
Pakistan,South Asia,2008,Soybeans,4.39,20.67,1337.5,No,80.1,1.45,33.4
South Africa,Sub-Saharan Africa,2019,Wheat,6.24,23.87,996.2,No,131.4,3.09,55.6
Tanzania,Sub-Saharan Africa,2023,Cassava,15.63,28.46,1397.1,No,86.4,3.74,48.8
United States,North America,2008,Potatoes,23.74,11.93,943.7,No,65.1,5.77,41.2
Thailand,Southeast Asia,2013,Cassava,16.25,23.09,1414.8,No,92.1,4.56,30.8
India,South Asia,2015,Potatoes,24.28,20.67,1070.6,No,127.7,2.22,43.2
United States,North America,2000,Soybeans,4.23,13.61,831.2,No,62.4,1.67,20.3
United States,North America,2023,Cassava,15.19,16.06,679.9,No,64.5,0.91,34.7
Egypt,Middle East & North Africa,2002,Rice,3.33,23.26,241.0,Yes,116.4,1.02,78.9
Thailand,Southeast Asia,2024,Maize (Corn),6.69,23.23,1435.2,No,33.4,3.28,23.6
Canada,North America,2014,Cassava,15.09,13.18,1055.6,No,31.0,0.91,22.5
India,South Asia,2025,Rice,7.23,22.15,786.7,No,111.9,7.13,43.9
Sudan,Sub-Saharan Africa,2011,Maize (Corn),6.85,24.31,1007.2,No,62.4,2.05,60.0
Brazil,South America,2004,Wheat,3.35,25.1,592.5,Yes,74.6,2.38,51.3
Tanzania,Sub-Saharan Africa,2016,Rice,6.91,27.26,1181.6,No,145.4,3.83,56.5
Kenya,Sub-Saharan Africa,2000,Maize (Corn),6.65,26.51,794.3,No,73.6,2.25,61.7
Brazil,South America,2020,Rice,6.04,23.75,904.0,No,73.1,2.44,13.1
United States,North America,2002,Wheat,6.72,10.86,644.9,No,153.1,1.59,18.3
Uganda,Sub-Saharan Africa,2008,Maize (Corn),4.06,27.46,386.5,Yes,90.1,0.23,84.7
Canada,North America,2025,Maize (Corn),6.56,13.53,1473.1,No,50.1,1.2,27.7
Ukraine,Europe,2009,Potatoes,12.85,17.62,1051.1,Yes,116.4,4.51,50.9
China,East Asia,2004,Potatoes,23.55,22.96,584.6,No,85.5,3.15,35.3
Kenya,Sub-Saharan Africa,2006,Cassava,15.2,27.78,910.0,No,56.4,2.57,54.7
India,South Asia,2012,Maize (Corn),6.44,21.51,595.0,No,91.4,1.37,45.8
South Africa,Sub-Saharan Africa,2020,Cassava,16.95,27.65,963.6,No,112.0,9.05,66.5
South Africa,Sub-Saharan Africa,2010,Wheat,6.16,26.2,1194.1,No,131.5,0.79,45.2
Nigeria,Sub-Saharan Africa,2003,Wheat,6.53,22.68,1040.6,No,141.9,3.75,61.1
China,East Asia,2023,Rice,5.0,23.18,1209.3,No,51.4,2.09,31.8
Turkey,Middle East & North Africa,2000,Potatoes,18.11,17.59,374.7,Yes,91.0,2.41,68.5
Nigeria,Sub-Saharan Africa,2004,Potatoes,23.27,25.0,1289.0,No,68.0,1.5,57.9
Bangladesh,South Asia,2007,Rice,6.22,22.28,843.5,No,89.4,5.57,46.8
Mexico,North America,2020,Potatoes,15.37,16.87,1081.3,Yes,95.5,2.98,51.2
Uganda,Sub-Saharan Africa,2000,Cassava,16.1,25.12,1283.6,No,108.4,4.75,62.0
Canada,North America,2001,Potatoes,23.72,11.3,1251.5,No,45.7,3.32,20.4
Vietnam,Southeast Asia,2015,Cassava,15.5,20.62,1521.9,No,81.3,4.16,23.2
Germany,Europe,2004,Potatoes,23.01,11.86,624.6,No,73.8,2.69,20.5
Uganda,Sub-Saharan Africa,2021,Wheat,6.47,28.37,794.9,No,120.7,1.5,52.3
Sudan,Sub-Saharan Africa,2023,Cassava,16.07,26.46,981.9,No,115.2,4.45,62.6
Germany,Europe,2022,Wheat,5.0,14.54,938.1,No,67.8,1.14,28.0
Brazil,South America,2002,Rice,6.04,21.54,1493.2,No,119.5,6.45,27.8
Nigeria,Sub-Saharan Africa,2019,Cassava,15.68,28.43,1427.4,No,119.8,0.83,56.0
Vietnam,Southeast Asia,2023,Cassava,15.46,18.42,1571.2,No,89.7,3.35,22.9
Germany,Europe,2024,Cassava,15.62,15.47,1395.8,No,89.7,5.47,28.6
Canada,North America,2011,Wheat,4.57,14.91,723.9,No,38.4,3.9,24.7
France,Europe,2004,Rice,4.68,15.97,805.8,No,52.5,4.37,21.5
Turkey,Middle East & North Africa,2011,Potatoes,23.85,23.67,563.9,No,85.4,3.97,46.3
Nigeria,Sub-Saharan Africa,2002,Cassava,17.9,26.79,844.8,No,214.8,3.15,54.7
Pakistan,South Asia,2018,Cassava,15.18,23.99,1502.1,No,40.4,7.97,44.1
Bangladesh,South Asia,2006,Maize (Corn),7.03,19.58,1235.9,No,76.5,3.24,43.0
Indonesia,Southeast Asia,2000,Wheat,5.02,23.75,1580.2,No,76.1,2.03,24.7
Ukraine,Europe,2012,Soybeans,4.91,13.99,705.3,No,110.6,1.89,27.3
Germany,Europe,2003,Soybeans,4.14,15.41,1341.9,No,66.9,1.03,23.2
Bangladesh,South Asia,2017,Cassava,16.61,22.31,961.7,No,121.2,7.19,36.9
Ethiopia,Sub-Saharan Africa,2018,Cassava,16.98,27.05,975.0,No,131.3,2.44,60.0
Australia,Oceania,2020,Wheat,4.11,24.73,804.3,No,38.5,1.19,19.4
China,East Asia,2016,Maize (Corn),7.13,21.84,970.7,No,107.5,2.28,28.1
France,Europe,2016,Potatoes,24.53,14.16,673.4,No,95.9,10.31,24.7
Turkey,Middle East & North Africa,2015,Potatoes,25.21,21.32,626.6,No,174.6,2.18,32.7
Brazil,South America,2007,Wheat,7.06,19.75,755.5,No,191.4,1.09,26.4
India,South Asia,2022,Wheat,6.37,21.49,794.0,No,99.9,10.3,43.8
Bangladesh,South Asia,2002,Rice,5.88,23.54,714.9,No,104.7,3.04,36.0
South Africa,Sub-Saharan Africa,2006,Rice,4.88,28.69,1142.5,Yes,141.2,5.84,83.4
Sudan,Sub-Saharan Africa,2019,Soybeans,5.49,24.46,1388.7,No,187.5,0.38,54.6
Egypt,Middle East & North Africa,2023,Cassava,14.71,22.88,683.4,No,46.5,2.49,52.4
Ethiopia,Sub-Saharan Africa,2021,Cassava,15.71,24.52,975.2,No,119.3,0.65,61.0
Egypt,Middle East & North Africa,2020,Cassava,10.76,21.18,372.6,Yes,134.8,1.3,75.2
Argentina,South America,2021,Rice,6.49,22.21,999.6,No,120.8,0.8,17.3
Pakistan,South Asia,2021,Maize (Corn),4.98,26.59,873.9,Yes,127.0,1.36,63.3
Ukraine,Europe,2001,Maize (Corn),6.01,13.18,1524.6,No,46.9,0.94,37.2
United States,North America,2017,Maize (Corn),6.47,15.82,1193.1,No,40.6,3.86,27.9
Mexico,North America,2015,Soybeans,5.37,15.28,1102.6,No,148.2,3.72,11.5
Mexico,North America,2025,Maize (Corn),6.27,15.26,854.4,No,72.1,2.79,23.8
Mexico,North America,2006,Potatoes,23.44,15.04,896.7,No,89.9,5.15,28.6
Ukraine,Europe,2002,Rice,5.71,12.2,1269.5,No,99.3,2.17,28.3
France,Europe,2015,Wheat,4.14,16.42,900.9,No,23.8,1.11,19.8
United States,North America,2006,Maize (Corn),5.53,18.92,787.4,No,84.9,1.42,25.4
France,Europe,2017,Soybeans,4.75,11.2,648.2,No,126.0,1.13,16.7
Tanzania,Sub-Saharan Africa,2023,Cassava,13.74,31.08,784.0,No,116.3,2.91,57.6
Ethiopia,Sub-Saharan Africa,2025,Wheat,5.3,25.85,1247.3,No,70.8,6.0,58.9
Tanzania,Sub-Saharan Africa,2014,Potatoes,23.21,26.32,1231.4,No,65.7,0.75,58.2
Vietnam,Southeast Asia,2001,Maize (Corn),7.03,18.89,1085.7,No,58.0,4.5,18.4
Nigeria,Sub-Saharan Africa,2016,Potatoes,24.8,28.27,959.0,No,133.5,7.48,67.0
South Africa,Sub-Saharan Africa,2000,Soybeans,3.6,25.52,882.8,No,64.8,1.03,59.6
Nigeria,Sub-Saharan Africa,2012,Maize (Corn),6.98,26.18,986.7,No,62.3,5.37,63.2
Pakistan,South Asia,2012,Rice,6.13,22.82,961.6,No,129.4,0.86,41.4
Pakistan,South Asia,2008,Rice,5.97,22.15,1019.8,No,101.6,3.83,41.5
Turkey,Middle East & North Africa,2021,Soybeans,5.82,22.42,1061.7,No,202.6,1.7,36.4
India,South Asia,2014,Cassava,8.72,25.38,933.6,Yes,49.6,1.95,79.7
United States,North America,2011,Wheat,5.12,16.8,488.3,No,63.5,1.72,25.6
Kenya,Sub-Saharan Africa,2007,Maize (Corn),6.86,29.38,845.3,No,182.7,1.84,53.8
Tanzania,Sub-Saharan Africa,2025,Soybeans,4.59,28.69,1262.3,No,110.5,3.57,53.9
Thailand,Southeast Asia,2020,Cassava,15.38,20.22,1610.2,No,81.9,1.61,23.4
Indonesia,Southeast Asia,2012,Maize (Corn),7.07,18.12,1464.5,No,80.0,3.52,20.6
Bangladesh,South Asia,2000,Rice,5.23,19.94,730.9,No,56.4,2.67,47.0
China,East Asia,2022,Rice,6.29,24.0,1038.0,No,102.7,2.84,14.3
Kenya,Sub-Saharan Africa,2019,Rice,6.14,28.31,1212.4,No,98.4,1.76,65.6
Ethiopia,Sub-Saharan Africa,2009,Soybeans,4.85,25.12,1371.4,No,81.0,1.87,51.9
Ukraine,Europe,2022,Potatoes,23.4,11.23,809.3,No,116.9,2.46,25.2
Thailand,Southeast Asia,2006,Wheat,5.62,20.87,1672.8,No,74.0,2.41,14.3
Australia,Oceania,2003,Rice,5.14,25.72,541.8,No,118.3,1.71,21.1
Bangladesh,South Asia,2015,Soybeans,3.77,23.31,1365.0,No,19.9,5.57,36.7
Mexico,North America,2023,Cassava,15.48,14.67,1402.9,No,47.0,4.5,34.1
Brazil,South America,2022,Potatoes,19.42,25.65,561.0,No,28.9,2.15,21.2
Vietnam,Southeast Asia,2000,Soybeans,3.84,21.23,1214.5,No,39.0,0.91,26.5
Tanzania,Sub-Saharan Africa,2014,Soybeans,4.48,28.31,874.2,No,90.3,3.33,53.7
Australia,Oceania,2004,Maize (Corn),6.01,20.3,997.7,No,74.1,1.32,26.1
Tanzania,Sub-Saharan Africa,2017,Maize (Corn),7.02,27.4,1057.0,No,96.1,0.38,59.8
Indonesia,Southeast Asia,2014,Potatoes,23.74,21.1,1536.8,No,100.0,1.29,30.7
Bangladesh,South Asia,2011,Wheat,5.9,22.99,999.6,No,122.7,2.17,43.9
China,East Asia,2005,Rice,3.58,25.47,1150.6,Yes,82.5,1.96,54.1
Ukraine,Europe,2022,Wheat,5.31,14.63,1272.4,No,86.1,2.17,16.3
Australia,Oceania,2024,Maize (Corn),7.75,20.0,1215.9,No,95.1,8.93,29.0
Ethiopia,Sub-Saharan Africa,2020,Maize (Corn),6.2,28.06,964.8,No,45.2,5.14,69.9
South Africa,Sub-Saharan Africa,2013,Cassava,15.22,27.83,886.8,No,64.4,3.36,54.4
Mexico,North America,2002,Soybeans,4.69,12.31,742.8,No,107.7,2.9,15.7
Kenya,Sub-Saharan Africa,2006,Rice,5.23,26.35,1411.7,No,40.0,3.01,64.0
India,South Asia,2023,Soybeans,5.31,22.78,699.6,No,104.4,2.72,40.8
Tanzania,Sub-Saharan Africa,2024,Rice,3.46,29.05,639.0,Yes,81.2,1.56,79.0
France,Europe,2014,Potatoes,19.69,18.42,1075.7,No,71.6,2.01,31.6
Ethiopia,Sub-Saharan Africa,2012,Cassava,15.59,24.34,927.9,No,63.8,3.4,64.0
Pakistan,South Asia,2013,Soybeans,4.33,23.06,816.5,No,119.8,0.66,36.1
Ethiopia,Sub-Saharan Africa,2012,Soybeans,5.01,25.11,958.4,No,127.0,1.65,64.0
United States,North America,2005,Cassava,15.11,13.94,817.8,No,68.7,0.45,27.8
Mexico,North America,2022,Wheat,5.5,13.23,970.3,No,80.7,6.52,15.3
Bangladesh,South Asia,2004,Cassava,15.33,23.72,1141.0,No,51.8,4.22,45.4
Australia,Oceania,2005,Soybeans,3.92,21.68,848.0,No,41.4,1.05,22.9
Sudan,Sub-Saharan Africa,2003,Rice,7.25,26.78,1300.5,No,156.5,0.43,57.1
Tanzania,Sub-Saharan Africa,2013,Rice,5.32,27.54,1099.9,No,83.5,1.8,63.4
Canada,North America,2009,Rice,5.64,13.95,999.4,No,81.0,9.84,23.5
Uganda,Sub-Saharan Africa,2020,Potatoes,23.57,26.69,687.1,No,94.9,0.69,54.2
Argentina,South America,2017,Soybeans,5.08,23.99,835.3,No,158.8,0.63,17.3
Vietnam,Southeast Asia,2023,Rice,6.84,21.84,964.8,No,135.3,1.54,28.0
Bangladesh,South Asia,2004,Wheat,7.59,19.4,1178.1,No,231.2,3.59,42.5
United States,North America,2021,Maize (Corn),5.81,15.81,1139.8,No,20.2,1.71,28.2
Pakistan,South Asia,2000,Potatoes,23.44,23.68,826.6,No,117.3,1.01,40.3
Vietnam,Southeast Asia,2019,Potatoes,23.06,21.52,1285.4,No,49.4,4.12,31.4
Egypt,Middle East & North Africa,2016,Potatoes,17.72,24.7,319.8,Yes,76.8,0.67,65.6
China,East Asia,2021,Maize (Corn),6.15,25.18,1340.4,No,96.1,1.01,25.9
Uganda,Sub-Saharan Africa,2000,Maize (Corn),6.19,24.56,1274.7,No,46.9,1.22,56.1
Nigeria,Sub-Saharan Africa,2021,Potatoes,24.9,25.43,1169.9,No,162.2,3.83,53.6
Argentina,South America,2008,Wheat,5.89,22.27,1093.6,No,126.3,2.09,16.6
South Africa,Sub-Saharan Africa,2001,Soybeans,3.32,25.38,740.2,No,31.5,1.16,56.3
Argentina,South America,2023,Wheat,4.3,24.26,860.0,No,38.4,3.17,26.4
Vietnam,Southeast Asia,2021,Cassava,16.08,23.56,1237.2,No,121.0,1.77,33.6
India,South Asia,2021,Maize (Corn),4.81,26.1,1105.9,Yes,125.5,5.61,62.5
India,South Asia,2007,Soybeans,5.58,22.72,900.6,No,148.1,0.92,42.3
South Africa,Sub-Saharan Africa,2008,Potatoes,23.74,26.08,953.7,No,124.2,1.45,56.7
Sudan,Sub-Saharan Africa,2023,Cassava,15.5,24.99,951.5,No,49.1,6.46,54.2
Thailand,Southeast Asia,2009,Potatoes,26.43,19.61,1715.6,No,253.2,1.74,34.5
Brazil,South America,2023,Cassava,17.03,24.76,1098.1,No,162.3,2.59,21.1
Indonesia,Southeast Asia,2003,Potatoes,23.24,17.13,1600.2,No,60.0,1.91,19.4
Mexico,North America,2024,Maize (Corn),7.4,15.3,1094.2,No,54.1,7.47,21.6
Vietnam,Southeast Asia,2025,Wheat,4.49,20.74,1487.2,No,51.2,0.82,28.6
Turkey,Middle East & North Africa,2012,Maize (Corn),6.1,21.74,732.2,No,26.5,1.56,45.2
Brazil,South America,2006,Cassava,15.96,21.75,700.2,No,133.0,2.51,20.4
Argentina,South America,2015,Rice,6.34,20.68,465.9,No,127.7,1.84,19.5
Vietnam,Southeast Asia,2020,Wheat,5.46,18.44,1621.0,No,81.7,4.13,25.0
Pakistan,South Asia,2009,Potatoes,25.54,23.24,1088.8,No,236.6,2.42,46.0
Turkey,Middle East & North Africa,2018,Maize (Corn),7.04,22.86,687.0,No,80.4,1.42,39.5
Sudan,Sub-Saharan Africa,2016,Wheat,5.2,28.46,379.0,Yes,169.7,3.05,74.9
Thailand,Southeast Asia,2001,Wheat,5.56,24.98,1334.8,No,103.3,2.1,29.5
Pakistan,South Asia,2019,Potatoes,13.51,25.61,1018.7,Yes,114.6,1.23,82.4
China,East Asia,2023,Wheat,5.71,24.51,930.5,No,93.1,1.23,19.1
Germany,Europe,2023,Maize (Corn),5.02,17.21,773.2,No,45.5,4.93,33.8
Indonesia,Southeast Asia,2001,Soybeans,4.59,23.54,1293.1,No,115.8,2.16,18.6
Nigeria,Sub-Saharan Africa,2015,Soybeans,4.64,26.24,659.2,No,102.4,1.5,54.1
Ukraine,Europe,2020,Potatoes,23.63,13.14,1243.4,No,109.9,1.36,19.7
United States,North America,2008,Potatoes,23.76,14.62,1279.4,No,151.8,1.2,22.8
China,East Asia,2002,Cassava,15.66,22.21,1210.5,No,80.9,1.87,24.6
Germany,Europe,2025,Rice,6.46,12.94,1453.7,No,117.3,6.52,23.2
United States,North America,2014,Soybeans,4.33,15.07,885.3,No,74.3,3.78,31.4
Indonesia,Southeast Asia,2002,Potatoes,24.13,21.17,1761.0,No,103.2,3.25,27.4
Sudan,Sub-Saharan Africa,2001,Maize (Corn),5.02,22.97,380.8,Yes,149.4,2.86,81.0
Tanzania,Sub-Saharan Africa,2025,Cassava,17.45,27.97,1171.2,No,213.4,4.81,67.5
Tanzania,Sub-Saharan Africa,2020,Cassava,15.58,25.16,973.0,No,81.1,0.49,54.2
Brazil,South America,2003,Maize (Corn),7.78,19.96,631.7,No,98.4,5.46,19.2
Australia,Oceania,2004,Potatoes,23.89,20.71,771.1,No,89.7,6.98,27.0
Thailand,Southeast Asia,2013,Soybeans,5.64,23.44,1743.4,No,140.9,2.36,23.2
Brazil,South America,2003,Soybeans,3.34,21.66,349.3,Yes,99.7,3.42,45.5
Uganda,Sub-Saharan Africa,2016,Rice,6.72,26.83,832.6,No,107.1,2.27,51.8
Argentina,South America,2015,Maize (Corn),7.45,20.99,782.6,No,93.6,2.25,20.2
Turkey,Middle East & North Africa,2009,Cassava,15.45,23.04,554.9,No,85.2,1.45,32.8
Ethiopia,Sub-Saharan Africa,2010,Potatoes,23.86,26.28,802.4,No,65.9,6.19,53.0
India,South Asia,2025,Potatoes,23.52,23.26,796.3,No,108.9,1.54,42.5
Bangladesh,South Asia,2016,Soybeans,5.7,23.56,907.9,No,152.8,5.42,41.2
United States,North America,2005,Soybeans,3.29,14.31,763.8,No,68.1,0.61,28.4
Sudan,Sub-Saharan Africa,2005,Wheat,5.43,27.05,1161.4,No,64.7,7.39,62.7
China,East Asia,2002,Maize (Corn),7.56,18.81,776.7,No,153.6,0.52,30.3
Tanzania,Sub-Saharan Africa,2004,Soybeans,3.91,25.43,982.4,No,28.5,3.02,53.3
Vietnam,Southeast Asia,2016,Wheat,5.03,24.38,1803.9,No,62.5,1.69,23.4
Vietnam,Southeast Asia,2003,Potatoes,22.34,21.26,1371.4,No,35.9,2.33,26.6
Egypt,Middle East & North Africa,2025,Potatoes,22.38,20.88,774.2,No,41.4,2.05,38.8
Turkey,Middle East & North Africa,2001,Potatoes,24.23,22.3,470.9,No,147.2,1.58,43.8
Kenya,Sub-Saharan Africa,2011,Potatoes,24.07,24.06,992.7,No,108.1,5.52,62.3
France,Europe,2024,Cassava,16.04,16.5,902.5,No,97.0,6.06,33.4
Thailand,Southeast Asia,2014,Potatoes,12.41,25.37,1309.6,Yes,88.1,3.13,59.9
Brazil,South America,2010,Cassava,15.51,24.28,1109.9,No,28.1,1.52,31.5
Mexico,North America,2006,Soybeans,3.96,13.63,1241.5,No,121.4,2.26,32.4
Vietnam,Southeast Asia,2021,Maize (Corn),7.24,22.41,1959.9,No,72.3,3.5,30.6
United States,North America,2017,Maize (Corn),7.84,14.93,1188.3,No,117.4,3.62,26.5
Ethiopia,Sub-Saharan Africa,2003,Wheat,5.28,27.48,795.2,No,57.7,3.19,66.3
Ukraine,Europe,2001,Potatoes,23.73,15.45,1047.7,No,74.3,4.27,28.1
Tanzania,Sub-Saharan Africa,2001,Soybeans,4.92,24.68,1168.2,No,134.0,1.64,45.8
Ethiopia,Sub-Saharan Africa,2020,Cassava,16.19,26.56,1320.3,No,125.8,1.84,59.1
Canada,North America,2013,Rice,5.32,16.84,558.8,No,56.2,2.23,20.4
Argentina,South America,2017,Rice,6.19,25.48,1089.1,No,127.3,4.31,23.1
Bangladesh,South Asia,2005,Wheat,4.93,23.82,1156.3,No,82.0,1.35,39.2
Brazil,South America,2014,Rice,6.25,24.13,921.9,No,101.5,3.91,22.5
Uganda,Sub-Saharan Africa,2014,Rice,5.86,25.56,1080.6,No,97.2,1.41,56.8
Kenya,Sub-Saharan Africa,2009,Potatoes,23.81,25.85,949.1,No,90.2,1.24,65.2
Ethiopia,Sub-Saharan Africa,2006,Soybeans,4.71,27.38,836.7,No,77.2,6.1,59.1
India,South Asia,2012,Soybeans,4.42,22.34,1118.2,No,99.4,2.32,35.5
Vietnam,Southeast Asia,2012,Maize (Corn),6.74,22.76,964.0,No,83.8,2.82,28.1
Thailand,Southeast Asia,2023,Soybeans,5.49,18.58,1554.3,No,168.6,3.3,15.3
Kenya,Sub-Saharan Africa,2021,Maize (Corn),7.73,25.55,890.6,No,97.8,2.95,60.6
Pakistan,South Asia,2014,Soybeans,4.43,20.13,1080.0,No,41.0,7.77,41.0
China,East Asia,2012,Soybeans,5.27,22.75,906.0,No,118.5,6.78,13.7
Kenya,Sub-Saharan Africa,2024,Rice,6.08,25.85,1270.4,No,108.1,3.71,63.3
Vietnam,Southeast Asia,2016,Wheat,5.15,20.81,1362.1,No,66.1,3.41,25.3
Canada,North America,2008,Soybeans,3.68,14.68,677.7,No,39.7,2.33,20.8
Indonesia,Southeast Asia,2021,Cassava,17.65,23.24,1470.4,No,231.3,6.47,28.7
Kenya,Sub-Saharan Africa,2016,Wheat,5.71,26.56,842.7,No,95.4,3.78,65.1
Sudan,Sub-Saharan Africa,2021,Cassava,15.82,24.39,1083.8,No,61.7,4.19,57.8
Egypt,Middle East & North Africa,2003,Cassava,15.29,22.84,779.9,No,103.7,0.92,42.2
Egypt,Middle East & North Africa,2004,Soybeans,3.88,22.16,823.6,No,96.0,0.37,36.6
United States,North America,2012,Soybeans,6.52,13.01,948.2,No,228.7,3.84,9.9
Turkey,Middle East & North Africa,2012,Rice,5.24,21.72,701.6,No,50.2,0.69,34.4
Ethiopia,Sub-Saharan Africa,2025,Potatoes,24.66,27.06,678.6,No,116.2,4.06,63.0
Ukraine,Europe,2006,Soybeans,3.4,13.39,902.7,No,78.6,4.59,18.1
Germany,Europe,2013,Cassava,16.23,15.17,952.8,No,113.5,4.07,30.1
Egypt,Middle East & North Africa,2002,Soybeans,3.87,23.41,150.0,Yes,110.2,5.49,73.0
Thailand,Southeast Asia,2004,Cassava,15.71,23.7,1183.4,No,92.1,3.92,30.9
Brazil,South America,2004,Wheat,5.68,20.53,1097.8,No,70.8,5.93,20.2
Mexico,North America,2003,Cassava,15.27,12.64,1314.9,No,97.1,0.59,28.2
Ethiopia,Sub-Saharan Africa,2010,Wheat,6.36,25.38,868.8,No,99.7,9.15,61.2
Uganda,Sub-Saharan Africa,2003,Maize (Corn),7.14,26.68,937.8,No,82.0,3.48,54.5
China,East Asia,2008,Maize (Corn),8.09,24.02,810.4,No,146.9,1.1,22.2
United States,North America,2014,Rice,4.71,15.76,341.2,Yes,104.8,2.86,46.0
Germany,Europe,2024,Cassava,15.47,13.34,1522.5,No,85.7,7.71,26.5
Brazil,South America,2022,Soybeans,4.1,23.29,1191.9,No,84.7,1.73,15.5
Bangladesh,South Asia,2000,Soybeans,5.06,23.23,505.9,No,158.4,3.39,35.2
Thailand,Southeast Asia,2000,Maize (Corn),4.73,24.76,1266.0,Yes,86.8,0.6,55.0
Argentina,South America,2021,Maize (Corn),4.77,25.45,1056.1,Yes,111.9,2.31,49.5
France,Europe,2019,Rice,5.06,15.44,488.5,No,61.9,1.28,19.8
Egypt,Middle East & North Africa,2021,Cassava,16.81,21.03,671.4,No,192.3,1.13,43.1
Australia,Oceania,2021,Rice,5.2,21.26,1247.5,No,52.7,4.83,23.0
Thailand,Southeast Asia,2001,Soybeans,4.83,22.54,1274.1,No,122.8,2.36,24.5
Indonesia,Southeast Asia,2016,Cassava,13.82,25.27,1824.9,No,105.1,2.58,28.5
Ethiopia,Sub-Saharan Africa,2017,Rice,6.32,23.94,824.3,No,109.7,3.09,51.0
Nigeria,Sub-Saharan Africa,2015,Maize (Corn),7.22,25.36,888.4,No,114.7,4.04,49.0
France,Europe,2018,Cassava,15.13,12.68,493.1,No,108.3,2.5,23.9
Indonesia,Southeast Asia,2024,Maize (Corn),5.55,25.61,1613.3,Yes,143.5,1.97,63.2
Vietnam,Southeast Asia,2014,Potatoes,22.9,22.46,1280.2,No,94.4,0.56,30.4
Mexico,North America,2022,Wheat,6.66,14.85,1134.3,No,173.5,2.33,24.8
Mexico,North America,2018,Soybeans,3.93,16.44,867.2,No,97.7,1.66,15.9
Canada,North America,2012,Wheat,4.39,12.1,1087.2,No,52.1,2.18,23.8
Germany,Europe,2002,Potatoes,23.48,12.55,1027.1,No,80.0,0.35,25.0
Ethiopia,Sub-Saharan Africa,2014,Potatoes,23.42,26.49,703.0,No,76.4,3.66,59.7
Thailand,Southeast Asia,2000,Cassava,7.18,25.14,1152.9,Yes,107.5,0.55,57.9
Pakistan,South Asia,2018,Cassava,15.59,20.88,1249.7,No,91.7,1.44,45.4
Bangladesh,South Asia,2000,Rice,5.51,23.42,795.5,No,78.7,1.14,41.2
Pakistan,South Asia,2016,Rice,2.91,26.12,831.8,Yes,18.8,0.93,71.4
Mexico,North America,2020,Potatoes,24.53,13.42,1131.5,No,138.7,1.27,30.8
Ethiopia,Sub-Saharan Africa,2011,Maize (Corn),7.2,26.26,1224.1,No,108.5,1.64,52.5
Uganda,Sub-Saharan Africa,2018,Rice,5.03,26.61,725.7,No,46.6,1.58,58.3
Turkey,Middle East & North Africa,2017,Potatoes,22.87,24.8,900.0,No,33.5,1.82,38.2
Sudan,Sub-Saharan Africa,2003,Cassava,15.74,23.47,1390.4,No,124.4,2.13,59.7
Uganda,Sub-Saharan Africa,2007,Soybeans,5.33,29.0,1308.9,No,150.9,0.32,56.2
Pakistan,South Asia,2008,Soybeans,4.28,20.67,662.7,No,123.8,0.67,42.5
Australia,Oceania,2009,Cassava,16.02,23.1,762.8,No,165.9,0.6,30.3
Kenya,Sub-Saharan Africa,2011,Rice,5.83,26.95,1044.8,No,86.4,6.6,55.4
Indonesia,Southeast Asia,2014,Wheat,6.67,23.54,1730.0,No,161.4,4.11,25.0
Pakistan,South Asia,2009,Cassava,15.54,20.04,1211.1,No,66.3,3.67,38.8
Bangladesh,South Asia,2004,Wheat,5.25,24.74,866.8,No,49.5,3.57,39.2
Pakistan,South Asia,2005,Potatoes,25.51,23.52,1008.5,No,244.2,1.98,43.8
Vietnam,Southeast Asia,2020,Maize (Corn),7.07,22.68,1483.5,No,50.5,6.04,26.8
Brazil,South America,2025,Maize (Corn),4.71,25.39,1453.1,Yes,99.7,4.86,45.4
Canada,North America,2022,Maize (Corn),7.7,17.64,1041.9,No,137.0,3.87,20.2
Sudan,Sub-Saharan Africa,2017,Cassava,15.95,25.75,988.4,No,95.7,2.93,61.2
India,South Asia,2021,Soybeans,4.47,26.42,817.3,Yes,163.4,3.64,62.2
Tanzania,Sub-Saharan Africa,2012,Rice,5.67,26.91,662.2,No,84.8,3.34,55.4
Bangladesh,South Asia,2007,Potatoes,24.07,22.58,923.4,No,123.6,0.84,43.7
Tanzania,Sub-Saharan Africa,2020,Maize (Corn),7.41,27.25,998.3,No,80.3,2.18,63.2
Mexico,North America,2013,Potatoes,23.14,13.59,900.9,No,64.7,2.25,18.5
Indonesia,Southeast Asia,2019,Rice,3.63,24.98,765.7,Yes,50.0,3.68,42.9
Ukraine,Europe,2004,Soybeans,3.83,15.69,1325.1,No,50.0,2.47,22.5
India,South Asia,2024,Rice,5.46,21.17,1195.8,No,73.2,1.06,36.3
Ethiopia,Sub-Saharan Africa,2025,Soybeans,6.16,26.91,598.7,No,188.0,2.51,50.0
France,Europe,2024,Soybeans,4.84,16.63,957.9,Yes,164.3,2.68,40.3
Bangladesh,South Asia,2012,Wheat,5.62,20.87,1050.5,No,106.5,0.92,38.0
Thailand,Southeast Asia,2005,Potatoes,23.09,22.32,1511.3,No,56.6,2.03,22.1
Nigeria,Sub-Saharan Africa,2019,Cassava,15.71,24.78,1120.3,No,80.7,3.39,64.5
Ukraine,Europe,2021,Wheat,4.89,15.53,533.7,No,58.7,1.63,26.5
Mexico,North America,2012,Maize (Corn),5.7,10.45,419.8,Yes,114.5,1.67,44.6
Ukraine,Europe,2020,Maize (Corn),8.44,12.61,1113.4,No,211.1,1.99,25.8
Uganda,Sub-Saharan Africa,2008,Soybeans,4.02,25.8,1021.8,No,76.2,2.52,57.1
Uganda,Sub-Saharan Africa,2011,Maize (Corn),7.53,28.64,828.2,No,109.7,1.76,65.2
Sudan,Sub-Saharan Africa,2021,Cassava,16.12,27.02,1274.0,No,129.4,1.53,59.3
Germany,Europe,2016,Soybeans,4.09,12.67,1086.5,No,42.6,4.47,21.0
Brazil,South America,2012,Rice,5.92,24.06,1318.2,No,83.8,1.67,20.3
Kenya,Sub-Saharan Africa,2003,Rice,5.74,25.26,842.4,No,56.9,4.28,55.4
United States,North America,2023,Rice,5.59,18.66,856.9,Yes,175.7,3.51,37.7
Mexico,North America,2022,Rice,6.15,14.39,1098.5,No,139.2,1.1,12.8
Turkey,Middle East & North Africa,2021,Soybeans,3.52,22.74,274.4,Yes,65.1,3.26,71.0
Nigeria,Sub-Saharan Africa,2016,Cassava,16.55,26.72,885.9,No,103.2,7.59,54.1
Ukraine,Europe,2022,Potatoes,24.05,13.56,887.9,No,113.8,0.81,33.3
Vietnam,Southeast Asia,2011,Soybeans,4.8,19.3,1545.6,No,114.2,2.49,19.2
Sudan,Sub-Saharan Africa,2007,Cassava,15.14,26.33,999.3,No,62.9,3.41,61.0
Turkey,Middle East & North Africa,2021,Wheat,4.39,20.11,150.0,Yes,119.3,1.88,51.8
Australia,Oceania,2005,Maize (Corn),7.13,21.24,1006.4,No,44.1,7.38,17.4
France,Europe,2003,Rice,4.79,17.22,1074.8,No,84.7,1.24,26.3
Germany,Europe,2003,Soybeans,4.24,14.86,992.2,No,81.3,2.4,24.6
Brazil,South America,2005,Potatoes,22.88,24.28,1271.6,No,67.0,2.32,25.0
Ukraine,Europe,2002,Rice,6.18,14.11,555.9,No,82.7,3.28,29.3
United States,North America,2009,Cassava,16.73,13.97,927.8,No,164.6,1.83,22.7
Indonesia,Southeast Asia,2017,Rice,6.16,23.23,996.8,No,81.7,3.59,23.4
Vietnam,Southeast Asia,2003,Wheat,5.23,20.1,1215.2,No,78.4,3.48,18.1
Sudan,Sub-Saharan Africa,2012,Maize (Corn),3.65,29.45,1217.7,Yes,51.9,3.46,86.2
Ukraine,Europe,2009,Wheat,5.43,12.85,893.8,No,109.0,1.07,20.0
China,East Asia,2024,Soybeans,4.11,21.89,923.4,No,72.6,2.75,22.4
Kenya,Sub-Saharan Africa,2014,Maize (Corn),7.17,28.04,687.5,No,31.5,4.69,63.0
Bangladesh,South Asia,2007,Cassava,14.82,21.95,741.3,No,70.9,1.86,48.5
Sudan,Sub-Saharan Africa,2009,Cassava,16.07,27.87,1042.4,No,138.8,4.3,59.4
Australia,Oceania,2022,Potatoes,23.31,22.57,907.6,No,46.4,1.42,21.9
Ukraine,Europe,2021,Maize (Corn),7.77,15.78,868.6,No,122.2,2.09,16.9
Uganda,Sub-Saharan Africa,2008,Soybeans,4.24,24.6,977.6,No,78.1,2.83,52.6
Pakistan,South Asia,2018,Soybeans,5.68,21.89,691.3,No,181.5,2.68,44.9
Egypt,Middle East & North Africa,2001,Rice,5.27,23.32,150.0,Yes,113.5,2.0,63.4
Mexico,North America,2011,Rice,5.6,15.63,768.9,No,77.2,3.78,27.7
Egypt,Middle East & North Africa,2016,Maize (Corn),7.3,20.83,514.0,No,78.2,2.55,47.9
Mexico,North America,2021,Potatoes,24.39,15.35,703.0,No,158.4,1.37,15.4
Ethiopia,Sub-Saharan Africa,2024,Rice,5.88,25.03,1427.9,No,101.8,0.93,60.4
Pakistan,South Asia,2009,Potatoes,23.47,24.55,991.8,No,107.4,3.32,48.4
Ukraine,Europe,2019,Soybeans,4.33,14.55,1013.1,No,52.3,3.93,15.5
Argentina,South America,2006,Potatoes,24.32,22.6,889.7,No,132.2,2.47,29.5
Argentina,South America,2000,Maize (Corn),7.71,19.93,994.5,No,139.2,2.82,16.0
India,South Asia,2011,Soybeans,4.45,22.38,1018.7,No,71.1,2.76,47.8
Indonesia,Southeast Asia,2015,Potatoes,25.19,20.9,1484.6,No,189.9,1.27,27.8
Thailand,Southeast Asia,2005,Maize (Corn),7.01,22.85,1429.5,No,64.4,2.31,20.6
Bangladesh,South Asia,2007,Soybeans,4.22,23.55,1588.7,No,102.1,1.62,43.2
Vietnam,Southeast Asia,2001,Cassava,15.87,19.75,1892.7,No,138.6,2.57,27.0
Thailand,Southeast Asia,2006,Maize (Corn),5.07,24.56,1058.5,Yes,127.3,2.35,43.1
Thailand,Southeast Asia,2010,Soybeans,5.78,24.61,1450.8,No,170.0,3.58,10.1
Uganda,Sub-Saharan Africa,2018,Cassava,15.78,28.42,949.7,No,87.6,1.52,54.3
Indonesia,Southeast Asia,2009,Wheat,4.58,26.35,1237.6,No,101.4,3.39,22.4
Kenya,Sub-Saharan Africa,2001,Potatoes,23.07,27.35,977.1,No,63.9,1.93,55.0
Canada,North America,2010,Maize (Corn),6.61,12.55,1165.4,No,63.8,2.85,34.3
Turkey,Middle East & North Africa,2025,Cassava,16.0,20.51,669.1,No,145.2,0.2,36.2
Pakistan,South Asia,2000,Potatoes,23.8,20.18,704.2,No,87.3,0.66,46.5
Pakistan,South Asia,2021,Wheat,4.45,25.15,781.3,No,71.5,1.95,41.6
Nigeria,Sub-Saharan Africa,2000,Rice,5.33,27.45,843.6,No,68.3,3.52,56.5
Sudan,Sub-Saharan Africa,2020,Wheat,4.89,28.12,1080.6,No,46.5,2.43,50.2
Nigeria,Sub-Saharan Africa,2009,Potatoes,24.3,26.89,1147.8,No,169.9,1.8,60.7
Mexico,North America,2005,Maize (Corn),7.07,13.06,1207.6,No,79.3,2.05,22.5
United States,North America,2007,Potatoes,24.57,14.26,1373.9,No,119.0,7.6,26.3
Nigeria,Sub-Saharan Africa,2000,Soybeans,4.75,23.59,1177.9,No,127.7,0.58,57.1
Argentina,South America,2003,Wheat,5.59,23.46,1029.8,No,142.3,2.84,16.6
Mexico,North America,2007,Wheat,4.65,17.47,1188.2,No,95.8,3.65,26.8
Egypt,Middle East & North Africa,2017,Potatoes,13.73,24.69,433.6,Yes,56.7,8.01,74.3
Ukraine,Europe,2023,Soybeans,5.55,12.17,524.5,No,148.1,1.68,21.0
Canada,North America,2016,Potatoes,25.52,13.65,1469.4,No,176.6,4.89,28.1
Ukraine,Europe,2007,Cassava,14.84,16.74,657.8,No,54.9,0.52,20.0
Sudan,Sub-Saharan Africa,2012,Maize (Corn),6.88,25.51,1129.0,No,91.8,1.68,64.6
Australia,Oceania,2007,Rice,4.88,21.81,1560.4,No,69.3,1.96,25.5
France,Europe,2005,Wheat,4.85,13.84,1030.0,No,69.3,2.15,24.3
Germany,Europe,2016,Rice,5.4,13.04,867.9,No,47.6,4.16,18.8
South Africa,Sub-Saharan Africa,2018,Rice,5.38,27.52,1255.3,No,60.8,1.17,53.9
France,Europe,2024,Rice,4.81,18.78,1282.8,No,102.2,1.52,25.6
Tanzania,Sub-Saharan Africa,2008,Soybeans,5.17,23.46,1320.0,No,131.5,1.94,43.5
Nigeria,Sub-Saharan Africa,2019,Potatoes,23.91,27.08,985.4,No,125.6,1.39,58.0
Australia,Oceania,2002,Maize (Corn),7.29,21.37,609.3,No,83.2,4.04,24.3
Pakistan,South Asia,2022,Potatoes,23.06,20.11,601.6,No,59.5,1.89,46.7
Egypt,Middle East & North Africa,2002,Cassava,10.13,20.84,155.1,Yes,130.4,5.61,67.6
Tanzania,Sub-Saharan Africa,2003,Wheat,5.58,24.99,1212.8,No,112.1,1.74,57.5
Germany,Europe,2015,Rice,5.9,15.07,1003.2,No,75.9,4.24,18.5
Sudan,Sub-Saharan Africa,2024,Cassava,14.85,27.24,849.2,No,63.2,1.48,58.6
Thailand,Southeast Asia,2007,Cassava,16.28,21.57,1573.0,No,121.2,3.88,21.6
United States,North America,2002,Maize (Corn),7.5,13.71,1401.6,No,146.4,2.03,24.1
Brazil,South America,2008,Potatoes,23.05,21.91,466.2,No,75.9,1.47,18.6
France,Europe,2014,Cassava,16.58,16.18,853.9,No,141.2,3.63,25.0
Canada,North America,2012,Wheat,5.05,15.11,934.8,No,106.0,3.01,23.4
Uganda,Sub-Saharan Africa,2013,Cassava,14.22,28.41,1003.7,No,38.9,1.73,62.3
Turkey,Middle East & North Africa,2016,Maize (Corn),7.76,21.77,650.6,No,135.6,3.68,36.6
Egypt,Middle East & North Africa,2001,Wheat,5.04,26.81,719.7,No,99.9,3.99,36.3
Brazil,South America,2017,Potatoes,23.94,22.35,981.9,No,130.7,2.23,24.5
France,Europe,2023,Rice,4.79,14.24,923.4,No,66.5,1.88,30.8
Sudan,Sub-Saharan Africa,2018,Cassava,15.54,26.77,959.3,No,70.3,1.81,63.1
Brazil,South America,2016,Cassava,15.08,21.36,706.2,No,44.4,5.65,30.9
Indonesia,Southeast Asia,2021,Wheat,5.11,21.94,1204.5,No,103.9,1.48,14.0
Thailand,Southeast Asia,2019,Maize (Corn),7.34,20.55,1553.2,No,75.0,4.27,27.8
Tanzania,Sub-Saharan Africa,2002,Cassava,16.23,26.91,727.2,No,101.4,3.21,56.9
Thailand,Southeast Asia,2015,Rice,5.97,23.0,1314.6,No,95.7,2.6,20.9
Germany,Europe,2009,Rice,4.7,17.2,891.2,Yes,191.0,0.86,42.2
India,South Asia,2012,Rice,6.19,23.68,854.3,No,119.5,2.39,38.2
Sudan,Sub-Saharan Africa,2022,Cassava,11.52,27.36,366.7,Yes,170.0,0.26,86.8
France,Europe,2006,Maize (Corn),7.79,15.22,1012.0,No,101.7,5.59,25.2
Turkey,Middle East & North Africa,2009,Wheat,6.23,25.72,618.1,No,129.9,3.0,34.7
France,Europe,2001,Rice,5.0,15.15,1033.3,No,77.8,0.27,30.2
Uganda,Sub-Saharan Africa,2015,Potatoes,22.97,27.03,799.0,No,75.1,0.84,54.1
Ethiopia,Sub-Saharan Africa,2016,Soybeans,4.03,26.56,993.3,No,57.4,1.25,53.3
Turkey,Middle East & North Africa,2009,Rice,4.34,21.96,325.7,Yes,110.8,0.77,63.3
Nigeria,Sub-Saharan Africa,2025,Maize (Corn),7.44,23.99,914.2,No,90.6,4.25,59.6
Turkey,Middle East & North Africa,2000,Soybeans,3.97,21.54,151.0,Yes,117.0,1.6,52.3
Brazil,South America,2021,Potatoes,24.87,24.73,811.0,No,181.9,2.38,19.6
Ethiopia,Sub-Saharan Africa,2010,Cassava,15.39,27.28,1007.4,No,90.1,1.29,46.8
China,East Asia,2011,Cassava,15.34,23.72,1187.4,No,56.0,2.5,24.4
Brazil,South America,2009,Rice,6.06,21.75,1190.1,No,115.3,3.51,26.8
Brazil,South America,2015,Cassava,14.93,23.97,1050.5,No,46.9,2.3,27.9
Australia,Oceania,2007,Maize (Corn),7.65,24.23,1241.1,No,118.5,2.45,16.7
Sudan,Sub-Saharan Africa,2004,Potatoes,24.06,25.71,988.8,No,117.0,0.52,54.3
Sudan,Sub-Saharan Africa,2009,Cassava,15.39,28.31,962.3,No,78.4,4.21,68.7
Ukraine,Europe,2009,Rice,5.98,16.68,1091.6,No,110.0,3.17,21.8
Uganda,Sub-Saharan Africa,2008,Soybeans,5.14,22.61,553.5,No,133.3,1.6,50.4
Argentina,South America,2017,Cassava,13.61,25.08,1060.9,No,93.5,0.6,17.0
Sudan,Sub-Saharan Africa,2025,Cassava,16.13,26.42,984.6,No,154.2,1.81,55.2
Pakistan,South Asia,2017,Wheat,6.89,21.18,827.9,No,179.3,3.89,33.3
China,East Asia,2019,Wheat,5.8,23.12,473.8,No,125.4,0.99,20.7
Canada,North America,2018,Maize (Corn),7.15,13.2,1371.1,No,67.0,7.41,24.6
Vietnam,Southeast Asia,2025,Rice,7.66,22.41,1576.8,No,155.4,11.1,15.6
Thailand,Southeast Asia,2011,Wheat,4.74,21.28,1618.4,No,39.5,2.55,25.0
Kenya,Sub-Saharan Africa,2010,Rice,7.0,28.46,1006.3,No,147.4,6.81,51.7
Ukraine,Europe,2010,Potatoes,23.09,15.14,1012.6,No,56.7,4.31,30.1
Mexico,North America,2020,Soybeans,3.24,16.83,641.2,Yes,92.8,1.76,43.0
South Africa,Sub-Saharan Africa,2003,Cassava,14.7,26.96,1049.6,No,20.7,3.45,54.7
China,East Asia,2001,Cassava,15.12,22.56,675.3,No,59.2,6.0,28.9
Indonesia,Southeast Asia,2018,Potatoes,22.49,21.66,1214.7,No,56.3,1.62,33.9
Australia,Oceania,2010,Rice,6.98,24.79,1236.5,No,182.9,1.45,20.3
Egypt,Middle East & North Africa,2006,Wheat,3.92,21.66,402.2,Yes,103.3,3.25,70.1
Brazil,South America,2008,Wheat,5.66,21.24,566.2,No,106.5,3.67,18.0
Vietnam,Southeast Asia,2022,Rice,6.2,24.84,1464.1,No,87.8,3.55,24.1
Thailand,Southeast Asia,2021,Wheat,5.99,22.67,1162.3,No,123.0,2.3,18.8
Australia,Oceania,2017,Wheat,5.32,24.36,1060.7,No,95.7,4.79,28.4
Sudan,Sub-Saharan Africa,2009,Rice,5.01,25.56,853.2,No,63.8,2.35,52.2
Turkey,Middle East & North Africa,2020,Cassava,16.12,22.91,571.6,No,125.7,2.73,45.6
Ukraine,Europe,2023,Cassava,14.67,11.78,910.0,No,23.5,4.63,24.8
Australia,Oceania,2015,Soybeans,4.41,23.92,952.7,No,104.3,3.72,18.1
India,South Asia,2002,Potatoes,23.86,19.25,850.4,No,62.0,5.31,43.4
South Africa,Sub-Saharan Africa,2018,Cassava,10.61,28.68,749.8,Yes,101.3,0.95,84.9
Brazil,South America,2016,Maize (Corn),7.32,21.86,1054.6,No,114.0,2.06,22.9
Tanzania,Sub-Saharan Africa,2004,Cassava,16.49,25.89,1019.1,No,160.7,2.62,49.9
Ethiopia,Sub-Saharan Africa,2023,Soybeans,4.93,24.8,994.3,No,159.3,0.38,49.4
Pakistan,South Asia,2021,Soybeans,5.31,24.24,1073.2,No,146.9,2.5,33.7
France,Europe,2005,Soybeans,4.81,16.76,1084.3,Yes,149.7,0.7,38.3
Kenya,Sub-Saharan Africa,2010,Rice,5.45,28.06,814.1,No,78.7,1.47,58.6
Kenya,Sub-Saharan Africa,2004,Rice,8.34,25.08,971.3,No,225.1,6.56,50.8
Pakistan,South Asia,2005,Rice,6.91,24.07,1032.5,No,181.4,2.59,30.5
United States,North America,2021,Cassava,14.97,13.5,808.4,No,54.8,1.08,22.3
Nigeria,Sub-Saharan Africa,2008,Rice,5.55,25.1,803.7,No,68.7,0.97,50.7
Kenya,Sub-Saharan Africa,2007,Wheat,4.95,24.67,1005.9,No,53.6,2.0,53.0
Vietnam,Southeast Asia,2025,Maize (Corn),8.76,24.28,1125.4,No,151.8,2.31,14.9
Ukraine,Europe,2002,Maize (Corn),6.7,10.54,982.6,No,101.5,0.6,22.1
Ukraine,Europe,2001,Potatoes,22.96,13.95,837.6,No,35.1,2.88,23.9
Argentina,South America,2005,Cassava,16.72,20.64,1097.9,No,145.6,4.0,21.6
Mexico,North America,2006,Potatoes,20.38,18.02,949.4,No,81.7,5.11,43.7
Ukraine,Europe,2015,Wheat,5.97,11.96,1023.8,No,113.0,1.46,18.5
Australia,Oceania,2005,Maize (Corn),6.5,21.47,1242.2,No,114.8,1.94,23.5
United States,North America,2019,Potatoes,23.51,12.53,515.1,No,105.6,1.15,40.9
Pakistan,South Asia,2024,Wheat,5.72,24.9,1081.2,No,99.6,6.24,39.4
Indonesia,Southeast Asia,2009,Potatoes,23.85,24.41,1226.4,No,123.8,0.73,31.0
Australia,Oceania,2025,Potatoes,23.85,23.95,702.2,No,109.3,4.59,30.8
Ukraine,Europe,2020,Maize (Corn),6.76,15.28,1047.6,No,54.1,3.83,20.5
Pakistan,South Asia,2020,Cassava,16.1,19.16,1130.0,No,98.4,0.87,45.3
Ethiopia,Sub-Saharan Africa,2025,Cassava,8.03,31.04,1157.3,Yes,120.4,4.59,86.2
Argentina,South America,2000,Potatoes,23.83,22.12,504.9,No,90.7,3.25,28.4
Nigeria,Sub-Saharan Africa,2006,Rice,6.64,27.66,670.2,No,146.7,4.75,54.6
Uganda,Sub-Saharan Africa,2002,Cassava,15.84,24.61,540.8,No,102.6,4.64,58.1
Tanzania,Sub-Saharan Africa,2000,Soybeans,4.24,29.71,938.0,No,123.3,2.05,57.7
Ukraine,Europe,2012,Rice,6.45,12.17,834.8,No,136.8,1.99,15.6
South Africa,Sub-Saharan Africa,2001,Wheat,4.64,27.26,1316.7,No,50.7,3.67,50.5
Sudan,Sub-Saharan Africa,2006,Maize (Corn),7.68,25.85,1044.9,No,105.3,4.02,55.4
Ukraine,Europe,2023,Wheat,9.21,16.42,490.4,No,263.1,9.55,16.5
Nigeria,Sub-Saharan Africa,2003,Potatoes,25.16,25.24,1218.6,No,214.8,3.58,61.9
Thailand,Southeast Asia,2020,Rice,5.22,23.56,706.4,No,53.8,2.22,23.0
India,South Asia,2025,Maize (Corn),7.68,21.04,1148.6,No,99.4,2.29,33.9
Pakistan,South Asia,2022,Cassava,15.32,23.12,755.8,No,59.2,2.4,37.0
Brazil,South America,2017,Soybeans,5.39,23.42,892.2,No,134.5,5.92,18.3
France,Europe,2024,Rice,5.5,14.66,997.4,No,71.0,2.78,19.7
India,South Asia,2019,Soybeans,4.46,22.77,1164.7,No,107.8,1.96,35.2
France,Europe,2002,Soybeans,4.12,12.9,747.1,No,62.4,2.26,23.6
United States,North America,2001,Wheat,6.34,14.42,703.9,No,131.5,2.59,25.6
Vietnam,Southeast Asia,2001,Wheat,4.5,20.94,1449.1,No,27.4,3.69,31.1
Vietnam,Southeast Asia,2025,Soybeans,3.86,21.24,1609.1,No,96.9,2.1,19.6
Bangladesh,South Asia,2024,Rice,6.44,24.65,1260.7,No,117.6,2.88,36.0
Ethiopia,Sub-Saharan Africa,2018,Wheat,5.34,26.07,1098.6,No,100.8,2.53,55.2
Turkey,Middle East & North Africa,2004,Rice,7.01,23.24,501.2,No,205.3,1.68,45.6
Pakistan,South Asia,2025,Wheat,5.84,21.08,907.8,No,77.1,4.06,43.2
Egypt,Middle East & North Africa,2022,Wheat,5.03,21.61,400.8,Yes,159.3,2.36,66.0
Bangladesh,South Asia,2024,Rice,6.31,21.32,1476.8,No,126.3,1.56,42.0
China,East Asia,2005,Maize (Corn),7.29,21.62,929.8,No,141.4,1.98,20.1
Kenya,Sub-Saharan Africa,2002,Potatoes,24.58,27.56,709.3,No,149.7,4.03,55.5
Ukraine,Europe,2021,Maize (Corn),6.25,16.46,1232.6,No,64.7,1.58,19.0
Sudan,Sub-Saharan Africa,2005,Rice,5.4,25.71,1216.0,No,60.1,3.19,57.0
Sudan,Sub-Saharan Africa,2003,Soybeans,5.39,26.55,805.3,No,160.8,1.12,45.4
Sudan,Sub-Saharan Africa,2004,Cassava,17.48,26.31,940.5,No,154.4,9.51,57.6
Pakistan,South Asia,2020,Potatoes,24.19,23.48,916.8,No,118.4,3.13,41.3
Indonesia,Southeast Asia,2024,Wheat,6.09,23.23,1730.3,No,114.1,2.02,24.8
China,East Asia,2006,Cassava,18.03,23.62,793.9,No,209.1,2.83,29.2
Pakistan,South Asia,2013,Wheat,4.94,22.06,978.6,No,58.7,2.93,43.7
France,Europe,2016,Soybeans,5.08,14.84,632.5,No,105.1,3.97,14.4
France,Europe,2022,Potatoes,23.42,14.43,1013.6,No,88.5,5.08,28.4
Germany,Europe,2006,Potatoes,23.43,10.31,1220.8,No,96.8,1.73,26.7
Germany,Europe,2005,Maize (Corn),7.23,14.66,933.3,No,82.3,6.11,19.0
Turkey,Middle East & North Africa,2025,Maize (Corn),6.84,22.06,484.3,No,50.6,2.21,42.0
Canada,North America,2001,Wheat,4.46,11.6,1006.1,No,34.3,1.71,19.4
Uganda,Sub-Saharan Africa,2025,Cassava,7.48,31.28,864.6,Yes,92.1,4.45,96.5
France,Europe,2017,Cassava,15.15,14.32,946.6,No,44.3,4.45,31.4
Turkey,Middle East & North Africa,2022,Soybeans,4.45,22.2,654.2,No,106.2,1.26,44.3
Canada,North America,2021,Soybeans,3.43,12.12,996.7,No,27.3,3.79,25.7
Sudan,Sub-Saharan Africa,2017,Cassava,15.67,27.39,931.0,No,117.6,2.0,58.6
Vietnam,Southeast Asia,2020,Wheat,4.61,26.02,1379.3,Yes,119.1,8.35,45.9
Australia,Oceania,2017,Rice,6.18,20.19,986.7,No,95.3,1.78,16.0
Ukraine,Europe,2001,Rice,5.9,14.46,965.6,No,82.9,7.23,21.6
Tanzania,Sub-Saharan Africa,2023,Potatoes,23.44,26.25,1251.5,No,61.1,3.83,57.0
Bangladesh,South Asia,2006,Soybeans,3.6,23.14,1137.4,No,62.1,2.3,41.6
Ukraine,Europe,2007,Potatoes,23.41,13.1,875.2,No,81.2,1.8,20.2
Pakistan,South Asia,2006,Cassava,16.03,19.12,1017.0,No,163.5,1.4,36.7
Egypt,Middle East & North Africa,2019,Rice,6.72,23.14,492.4,No,181.2,1.2,43.0
Ethiopia,Sub-Saharan Africa,2017,Maize (Corn),6.91,25.09,844.6,No,98.7,1.89,52.1
Egypt,Middle East & North Africa,2018,Soybeans,4.17,20.55,581.9,No,86.3,4.87,43.7
China,East Asia,2014,Wheat,4.92,22.04,970.7,No,48.8,1.51,21.7
Bangladesh,South Asia,2018,Potatoes,23.0,23.5,767.6,No,52.8,2.63,40.1
Ethiopia,Sub-Saharan Africa,2017,Maize (Corn),7.27,26.81,919.2,No,79.9,3.18,51.7
Vietnam,Southeast Asia,2002,Maize (Corn),6.3,24.09,1261.5,No,43.1,5.66,22.5
Mexico,North America,2019,Cassava,15.22,16.81,721.1,No,34.3,5.18,31.5
Ukraine,Europe,2019,Wheat,4.21,16.59,782.8,No,60.3,2.22,29.1
Argentina,South America,2023,Wheat,5.25,28.52,1037.3,Yes,150.8,3.03,41.7
Tanzania,Sub-Saharan Africa,2025,Wheat,5.64,28.85,811.1,No,95.2,2.64,55.9
Brazil,South America,2023,Wheat,6.04,23.64,973.0,No,131.7,4.53,17.9
Egypt,Middle East & North Africa,2004,Soybeans,5.12,22.17,727.1,No,128.6,2.28,39.4
Vietnam,Southeast Asia,2018,Wheat,6.72,24.34,1335.7,No,182.5,0.66,16.3
Turkey,Middle East & North Africa,2000,Soybeans,5.06,22.24,596.3,No,150.7,0.54,37.2
Canada,North America,2015,Wheat,6.13,15.11,868.6,No,127.5,4.14,26.0
Turkey,Middle East & North Africa,2006,Wheat,4.24,21.54,150.0,Yes,94.7,0.96,57.5
France,Europe,2025,Wheat,4.88,14.6,1092.9,No,62.6,1.45,18.1
South Africa,Sub-Saharan Africa,2013,Cassava,9.34,29.26,703.3,Yes,53.2,4.41,87.5
Tanzania,Sub-Saharan Africa,2024,Cassava,17.41,26.02,718.0,No,201.6,4.19,50.5
Turkey,Middle East & North Africa,2022,Soybeans,6.27,21.46,533.0,No,213.1,0.77,40.3
Kenya,Sub-Saharan Africa,2007,Potatoes,12.54,30.27,829.8,Yes,91.6,10.16,98.0
Kenya,Sub-Saharan Africa,2009,Potatoes,24.5,25.3,699.6,No,141.2,4.26,58.9
Pakistan,South Asia,2006,Wheat,6.07,20.14,881.6,No,121.1,2.57,41.6
Pakistan,South Asia,2011,Wheat,5.37,23.96,1041.4,No,101.6,4.78,38.1
South Africa,Sub-Saharan Africa,2004,Potatoes,13.12,30.23,843.8,Yes,132.2,4.95,84.0
Turkey,Middle East & North Africa,2004,Wheat,6.39,22.92,660.8,No,156.2,4.96,44.5
Nigeria,Sub-Saharan Africa,2000,Soybeans,4.4,24.41,1301.0,No,71.4,1.21,49.6
Ukraine,Europe,2004,Cassava,17.17,16.37,753.3,No,211.7,0.45,21.3
Bangladesh,South Asia,2024,Maize (Corn),7.69,24.12,1013.4,No,148.1,2.61,45.8
Ukraine,Europe,2024,Maize (Corn),7.08,11.64,842.8,No,79.5,4.88,21.1
Vietnam,Southeast Asia,2007,Wheat,6.23,26.57,1606.8,No,167.1,2.79,21.5
Vietnam,Southeast Asia,2025,Maize (Corn),8.58,21.93,1435.4,No,210.3,3.28,19.9
Tanzania,Sub-Saharan Africa,2005,Cassava,9.0,31.48,681.7,Yes,74.3,3.47,87.0
India,South Asia,2017,Potatoes,20.12,26.7,728.2,No,60.0,6.89,47.7
Vietnam,Southeast Asia,2019,Potatoes,23.89,21.25,1551.2,No,140.1,2.32,16.3
Canada,North America,2010,Rice,5.74,12.93,666.5,No,64.9,1.94,19.1
Sudan,Sub-Saharan Africa,2023,Potatoes,21.36,29.25,833.3,No,108.9,4.47,66.9
Ukraine,Europe,2025,Cassava,15.74,15.63,1081.0,No,78.0,2.62,19.5
United States,North America,2009,Soybeans,4.75,13.21,1114.8,No,121.7,4.87,27.7
Egypt,Middle East & North Africa,2016,Rice,4.88,25.47,714.2,No,33.7,1.98,45.7
Bangladesh,South Asia,2003,Potatoes,23.09,16.91,928.7,No,79.9,1.91,48.3
South Africa,Sub-Saharan Africa,2015,Potatoes,23.21,26.11,1258.4,No,101.7,1.42,58.1
Uganda,Sub-Saharan Africa,2023,Rice,6.25,27.72,716.0,No,119.6,1.35,52.3
Ethiopia,Sub-Saharan Africa,2002,Soybeans,4.23,25.95,1232.9,No,66.3,0.67,54.0
Sudan,Sub-Saharan Africa,2008,Rice,5.76,24.51,705.9,No,80.9,2.11,54.4
Brazil,South America,2003,Potatoes,23.04,20.22,1057.0,No,71.1,0.6,15.3
India,South Asia,2019,Soybeans,4.78,23.49,1038.8,No,102.1,5.56,29.0
Turkey,Middle East & North Africa,2022,Soybeans,3.66,21.75,526.8,No,95.1,1.56,35.0
Turkey,Middle East & North Africa,2009,Wheat,5.25,22.81,915.3,No,76.4,2.89,37.5
Uganda,Sub-Saharan Africa,2008,Maize (Corn),7.83,27.29,1088.2,No,130.7,1.4,53.3
Mexico,North America,2011,Potatoes,23.66,13.72,692.5,No,110.6,1.12,19.4
Brazil,South America,2005,Potatoes,23.61,24.17,580.9,No,82.9,3.49,21.9
Sudan,Sub-Saharan Africa,2024,Potatoes,24.35,27.51,636.5,No,121.3,2.61,56.5
Ethiopia,Sub-Saharan Africa,2005,Rice,5.81,27.26,781.4,No,63.9,4.48,55.6
Vietnam,Southeast Asia,2005,Cassava,13.84,26.02,1342.9,No,89.7,5.52,34.2
Uganda,Sub-Saharan Africa,2018,Potatoes,24.22,27.35,1195.0,No,130.2,4.2,64.7
Australia,Oceania,2004,Soybeans,5.6,19.94,1330.8,No,152.6,4.24,20.8
Australia,Oceania,2019,Soybeans,5.68,23.0,1208.4,No,177.4,1.04,23.9
Pakistan,South Asia,2025,Soybeans,5.88,19.44,882.8,No,180.1,2.58,41.3
Canada,North America,2016,Wheat,5.36,13.44,1138.6,No,89.8,4.8,15.3
Turkey,Middle East & North Africa,2021,Maize (Corn),8.13,23.79,570.8,No,141.7,0.85,34.1
Pakistan,South Asia,2009,Soybeans,3.88,21.23,986.2,No,26.0,5.37,43.9
Uganda,Sub-Saharan Africa,2001,Maize (Corn),5.19,29.29,967.7,No,30.5,2.08,66.8
Ukraine,Europe,2014,Soybeans,4.91,16.95,690.9,No,136.7,2.24,23.9
Uganda,Sub-Saharan Africa,2010,Maize (Corn),6.01,27.31,1106.6,No,42.3,0.97,55.4
United States,North America,2025,Wheat,4.9,15.66,665.5,No,61.2,4.16,31.7
Mexico,North America,2011,Maize (Corn),6.33,14.39,979.7,No,59.0,3.46,35.7
Kenya,Sub-Saharan Africa,2017,Cassava,18.22,25.93,1110.9,No,257.2,2.9,54.0
Turkey,Middle East & North Africa,2000,Cassava,10.44,21.72,326.3,Yes,136.8,1.77,75.1
Argentina,South America,2025,Wheat,2.62,26.63,1007.6,Yes,56.5,3.11,48.1
Sudan,Sub-Saharan Africa,2013,Soybeans,3.59,26.53,749.3,No,48.4,3.16,62.8
Canada,North America,2001,Potatoes,23.19,16.18,1335.1,No,82.8,1.74,28.1
Kenya,Sub-Saharan Africa,2004,Rice,6.14,26.9,880.8,No,114.6,2.81,60.1
Nigeria,Sub-Saharan Africa,2017,Maize (Corn),7.63,25.11,1070.3,No,144.8,1.59,57.5
Ukraine,Europe,2007,Potatoes,22.61,16.15,973.3,No,20.8,1.8,25.8
Pakistan,South Asia,2025,Rice,4.64,25.35,1599.4,Yes,129.2,4.44,61.2
Mexico,North America,2012,Cassava,16.1,14.08,827.8,No,128.2,0.99,38.3
Mexico,North America,2019,Cassava,16.24,16.56,725.8,No,150.8,2.6,26.5
Argentina,South America,2025,Soybeans,5.13,22.81,545.1,No,136.4,2.14,20.1
Tanzania,Sub-Saharan Africa,2011,Rice,4.81,23.49,710.8,No,31.2,2.34,56.8
Indonesia,Southeast Asia,2007,Rice,5.81,21.13,2106.1,No,94.2,0.9,20.4
Bangladesh,South Asia,2017,Cassava,15.83,24.09,1288.6,No,116.2,2.19,50.7
Pakistan,South Asia,2024,Rice,6.02,23.67,1073.6,No,95.3,3.46,46.1
Turkey,Middle East & North Africa,2023,Cassava,16.23,22.63,593.7,No,90.1,1.69,40.2
Sudan,Sub-Saharan Africa,2025,Cassava,8.13,29.91,1156.5,Yes,66.7,2.55,89.7
Argentina,South America,2010,Cassava,16.9,23.4,473.8,No,189.3,1.91,18.4
Argentina,South America,2004,Rice,6.16,22.54,809.8,No,96.6,1.97,22.6
Kenya,Sub-Saharan Africa,2023,Potatoes,23.26,28.04,638.8,No,91.4,2.55,54.7
Argentina,South America,2016,Soybeans,4.94,23.25,816.7,No,86.1,2.99,19.5
India,South Asia,2022,Maize (Corn),7.7,20.79,969.5,No,132.6,3.26,33.3
Mexico,North America,2018,Cassava,9.66,17.69,806.3,Yes,44.7,1.66,42.8
Egypt,Middle East & North Africa,2019,Soybeans,4.27,23.25,714.3,No,61.0,6.57,31.3
Thailand,Southeast Asia,2010,Potatoes,23.09,22.94,1769.5,No,72.2,3.02,30.1
India,South Asia,2003,Soybeans,4.78,19.89,838.7,No,115.5,1.54,35.6
Egypt,Middle East & North Africa,2007,Soybeans,4.09,22.67,389.5,Yes,126.1,0.23,63.3
Vietnam,Southeast Asia,2013,Wheat,5.67,25.87,1163.4,No,165.4,2.89,26.2
France,Europe,2011,Wheat,5.06,11.01,1311.1,No,70.0,0.98,17.3
Brazil,South America,2011,Potatoes,24.19,18.97,989.9,No,112.2,4.27,21.1
Mexico,North America,2003,Potatoes,23.5,11.63,500.4,No,72.7,0.32,32.2
France,Europe,2002,Wheat,5.81,13.58,627.9,No,109.4,3.33,22.6
Turkey,Middle East & North Africa,2017,Cassava,17.27,20.23,906.9,No,192.4,3.56,37.1
Ethiopia,Sub-Saharan Africa,2002,Rice,5.6,26.02,1459.5,No,72.1,2.14,61.6
Argentina,South America,2015,Soybeans,3.94,24.53,991.7,Yes,136.1,3.62,41.1
India,South Asia,2019,Potatoes,23.8,22.49,1215.0,No,77.6,1.32,39.4
India,South Asia,2023,Potatoes,19.47,25.18,1051.5,No,55.2,0.64,49.4
Bangladesh,South Asia,2003,Soybeans,4.95,22.41,684.4,No,122.1,2.4,34.0
Canada,North America,2011,Rice,5.32,15.88,1124.7,No,58.3,5.3,28.6
Ethiopia,Sub-Saharan Africa,2001,Potatoes,23.66,25.41,899.3,No,77.0,2.12,62.3
Canada,North America,2004,Rice,5.71,11.93,843.3,No,68.0,2.84,20.4
United States,North America,2017,Maize (Corn),8.48,17.8,706.2,No,217.0,1.41,22.4
Tanzania,Sub-Saharan Africa,2002,Cassava,15.04,23.48,1264.7,No,41.1,1.42,54.4
China,East Asia,2019,Maize (Corn),6.88,20.66,985.0,No,50.4,3.15,30.1
Australia,Oceania,2008,Cassava,14.96,24.46,1204.7,No,84.1,0.25,36.6
Ethiopia,Sub-Saharan Africa,2015,Potatoes,22.75,28.29,644.2,No,49.4,3.18,62.3
South Africa,Sub-Saharan Africa,2008,Cassava,15.47,25.12,693.2,No,70.5,0.8,57.6
Nigeria,Sub-Saharan Africa,2008,Soybeans,5.57,24.78,1271.2,No,172.9,1.16,47.8
Ukraine,Europe,2023,Wheat,4.34,14.35,979.1,No,42.2,4.99,22.2
China,East Asia,2021,Potatoes,23.18,23.11,1440.8,No,55.7,1.66,29.9
Turkey,Middle East & North Africa,2003,Soybeans,4.06,22.71,456.3,No,85.2,2.97,34.6
Indonesia,Southeast Asia,2018,Wheat,4.29,25.2,1655.0,Yes,66.5,5.3,48.3
India,South Asia,2004,Potatoes,25.54,22.25,1130.6,No,239.2,2.01,48.4
Indonesia,Southeast Asia,2009,Wheat,6.5,21.2,1507.1,No,141.7,2.99,15.7
Nigeria,Sub-Saharan Africa,2013,Potatoes,24.23,24.11,1284.2,No,107.9,6.41,57.0
Argentina,South America,2009,Cassava,15.83,22.84,939.9,No,97.4,4.15,20.9
Sudan,Sub-Saharan Africa,2010,Maize (Corn),7.67,25.5,1069.9,No,114.2,2.41,69.5
Germany,Europe,2007,Soybeans,3.79,14.6,767.2,No,65.3,3.61,24.9
Kenya,Sub-Saharan Africa,2001,Potatoes,24.45,28.41,893.4,No,143.4,2.69,60.8
France,Europe,2015,Soybeans,4.14,13.23,1002.6,No,63.6,6.35,14.9
Uganda,Sub-Saharan Africa,2014,Potatoes,17.4,25.86,431.0,Yes,130.9,1.9,87.5
Ukraine,Europe,2009,Potatoes,24.17,13.49,938.5,No,126.1,2.57,23.8
Germany,Europe,2000,Potatoes,10.54,17.41,729.1,Yes,69.2,1.83,65.6
Kenya,Sub-Saharan Africa,2002,Maize (Corn),9.82,25.22,581.5,No,238.7,1.97,59.6
Pakistan,South Asia,2010,Potatoes,22.84,18.91,1172.5,No,35.8,0.9,34.8
Uganda,Sub-Saharan Africa,2017,Soybeans,3.46,30.42,1040.6,No,62.8,0.22,53.1
Ukraine,Europe,2021,Maize (Corn),7.32,12.97,945.9,No,125.3,4.75,15.4
Ukraine,Europe,2010,Wheat,4.61,11.74,1205.6,No,45.8,0.95,29.2
Argentina,South America,2017,Potatoes,23.45,20.04,864.4,No,35.1,0.86,28.8
Ukraine,Europe,2002,Cassava,14.64,13.22,623.9,No,38.9,1.32,33.2
Thailand,Southeast Asia,2006,Maize (Corn),7.31,22.08,1870.0,No,79.9,3.63,20.1
Kenya,Sub-Saharan Africa,2018,Wheat,6.66,24.71,694.1,No,146.3,3.76,61.5
Ethiopia,Sub-Saharan Africa,2025,Potatoes,13.31,30.18,683.9,Yes,116.5,1.67,85.6
Sudan,Sub-Saharan Africa,2012,Maize (Corn),6.57,23.23,1223.3,No,77.0,0.32,52.1
Kenya,Sub-Saharan Africa,2011,Potatoes,23.92,26.92,985.2,No,68.3,2.88,60.6
Pakistan,South Asia,2010,Cassava,15.89,21.01,853.4,No,63.9,9.53,40.9
Nigeria,Sub-Saharan Africa,2018,Maize (Corn),8.15,24.8,508.6,No,156.8,3.51,45.4
Ukraine,Europe,2002,Potatoes,23.44,15.9,630.6,No,62.8,3.4,26.4
United States,North America,2003,Maize (Corn),7.79,15.98,689.3,No,147.8,1.32,18.2
Canada,North America,2012,Soybeans,3.5,14.97,790.4,No,76.6,2.89,26.8
Bangladesh,South Asia,2005,Rice,6.16,20.73,1501.0,No,142.2,2.59,37.9
Argentina,South America,2004,Rice,6.36,19.36,1304.7,No,105.7,3.27,18.9
Kenya,Sub-Saharan Africa,2000,Wheat,5.47,25.22,1401.9,No,70.6,3.17,58.5
India,South Asia,2005,Maize (Corn),7.28,23.09,675.0,No,76.7,4.42,40.6
Tanzania,Sub-Saharan Africa,2001,Wheat,5.54,22.3,891.2,No,41.2,8.53,60.9
Sudan,Sub-Saharan Africa,2021,Wheat,5.25,29.87,1050.6,No,69.1,5.45,43.3
Sudan,Sub-Saharan Africa,2009,Cassava,15.31,25.02,757.0,No,69.2,0.91,57.4
Egypt,Middle East & North Africa,2000,Potatoes,18.51,23.33,448.2,Yes,165.9,1.69,66.2
Australia,Oceania,2013,Rice,5.9,23.05,853.9,No,77.9,2.58,20.0
Thailand,Southeast Asia,2015,Wheat,4.95,24.18,1041.5,No,62.4,3.23,26.0
Ethiopia,Sub-Saharan Africa,2001,Soybeans,4.37,24.12,1609.8,No,107.9,1.95,62.9
South Africa,Sub-Saharan Africa,2009,Rice,6.44,25.54,926.2,No,113.5,7.2,61.0
Germany,Europe,2003,Rice,6.77,13.13,1077.4,No,174.4,1.41,8.2
Mexico,North America,2006,Cassava,15.06,17.0,1253.2,No,50.5,4.13,24.5
Tanzania,Sub-Saharan Africa,2014,Wheat,4.74,25.18,834.7,No,53.5,3.24,62.7
Tanzania,Sub-Saharan Africa,2005,Maize (Corn),7.45,24.08,894.7,No,123.4,1.29,57.1
Pakistan,South Asia,2011,Potatoes,22.5,22.89,982.3,No,52.4,0.25,43.4
Pakistan,South Asia,2002,Potatoes,23.19,22.61,699.6,No,106.0,1.84,43.5
Australia,Oceania,2004,Maize (Corn),7.18,20.41,1261.8,No,54.6,4.45,22.9
Sudan,Sub-Saharan Africa,2017,Soybeans,3.87,25.84,787.3,No,77.8,1.47,38.5
Kenya,Sub-Saharan Africa,2018,Soybeans,3.74,26.12,1276.4,No,64.1,0.69,59.2
South Africa,Sub-Saharan Africa,2018,Rice,6.11,31.29,654.4,No,134.7,3.37,58.8
Australia,Oceania,2019,Rice,6.44,23.3,837.7,No,120.6,2.97,20.7
Ethiopia,Sub-Saharan Africa,2006,Potatoes,23.28,26.36,1430.5,No,103.6,0.2,61.7
France,Europe,2012,Rice,5.36,16.75,905.0,No,72.2,3.93,19.1
Australia,Oceania,2020,Soybeans,5.8,24.03,923.0,No,156.5,5.1,18.3
Bangladesh,South Asia,2016,Maize (Corn),4.31,25.29,1318.8,Yes,87.7,2.27,79.9
Argentina,South America,2019,Maize (Corn),6.51,21.91,989.7,No,51.9,5.22,23.2
Canada,North America,2004,Cassava,16.42,14.6,1348.5,No,117.5,2.79,23.7
Uganda,Sub-Saharan Africa,2002,Rice,5.15,23.96,487.7,No,49.2,2.14,61.5
Sudan,Sub-Saharan Africa,2016,Soybeans,4.11,23.52,935.1,No,37.5,4.71,58.7
Brazil,South America,2007,Cassava,15.42,24.31,910.6,No,121.8,2.6,35.0
Canada,North America,2006,Cassava,15.82,12.97,919.1,No,89.4,2.61,29.1
Canada,North America,2007,Soybeans,4.05,17.01,1052.7,No,114.5,0.7,18.6
Germany,Europe,2004,Maize (Corn),6.53,9.29,926.4,No,54.9,1.72,23.7
Ukraine,Europe,2024,Wheat,5.27,15.97,565.2,No,63.2,1.13,26.8
Ukraine,Europe,2023,Wheat,5.39,15.6,713.5,No,88.2,3.51,25.0
Sudan,Sub-Saharan Africa,2020,Cassava,15.44,26.07,552.8,No,101.5,0.5,50.0
Ukraine,Europe,2025,Maize (Corn),5.21,17.71,980.1,No,22.3,2.22,27.7
Nigeria,Sub-Saharan Africa,2008,Potatoes,23.79,25.14,812.6,No,105.4,2.08,59.6
Pakistan,South Asia,2008,Wheat,5.62,22.6,1217.7,No,101.1,4.02,41.4
Thailand,Southeast Asia,2016,Potatoes,25.1,23.58,1130.1,No,151.0,4.79,24.4
Germany,Europe,2022,Soybeans,4.74,14.43,659.2,No,94.7,1.94,28.0
Pakistan,South Asia,2002,Potatoes,23.36,24.66,1021.2,No,77.0,1.39,49.0
Nigeria,Sub-Saharan Africa,2023,Cassava,16.12,25.0,1365.3,No,96.1,5.98,54.5
Australia,Oceania,2009,Cassava,16.42,21.51,998.7,No,115.9,5.96,28.5
Tanzania,Sub-Saharan Africa,2010,Soybeans,3.78,25.58,894.2,No,87.8,0.43,55.0
China,East Asia,2002,Cassava,15.01,24.22,630.9,No,66.3,1.24,27.5
China,East Asia,2008,Wheat,2.99,26.04,989.5,Yes,92.8,2.6,53.1
Thailand,Southeast Asia,2002,Wheat,5.78,22.08,1374.0,No,119.0,4.04,22.9
Tanzania,Sub-Saharan Africa,2009,Wheat,5.2,25.97,1198.2,No,78.3,2.18,49.3
Germany,Europe,2019,Rice,5.35,15.55,1072.2,No,62.6,0.95,22.5
Indonesia,Southeast Asia,2013,Potatoes,23.77,22.95,1734.5,No,125.3,2.61,16.7
Brazil,South America,2008,Potatoes,23.34,18.09,1368.2,No,88.0,1.35,19.6
Kenya,Sub-Saharan Africa,2013,Soybeans,4.77,26.25,706.7,No,91.2,4.68,53.7
Germany,Europe,2020,Maize (Corn),6.15,20.16,922.2,No,119.5,1.35,25.4
Pakistan,South Asia,2018,Rice,5.59,23.25,1406.5,No,114.7,1.83,45.3
Thailand,Southeast Asia,2006,Potatoes,24.24,21.7,1074.7,No,134.3,0.96,26.1
Kenya,Sub-Saharan Africa,2011,Soybeans,5.6,27.77,981.8,No,140.8,1.79,52.7
Mexico,North America,2010,Cassava,15.24,15.93,1105.3,No,49.1,4.73,31.8
Nigeria,Sub-Saharan Africa,2003,Wheat,4.28,28.09,748.5,No,47.1,1.78,56.0
Tanzania,Sub-Saharan Africa,2010,Rice,4.78,27.39,766.6,No,39.2,2.1,57.2
Bangladesh,South Asia,2020,Potatoes,23.49,21.36,825.2,No,63.8,1.26,47.1
Nigeria,Sub-Saharan Africa,2024,Maize (Corn),6.5,27.38,740.3,No,64.1,1.65,60.4
Tanzania,Sub-Saharan Africa,2021,Wheat,7.47,26.12,948.3,No,212.3,3.12,55.6
Ukraine,Europe,2013,Potatoes,24.29,16.12,970.8,No,156.0,2.54,31.9
Nigeria,Sub-Saharan Africa,2013,Wheat,5.54,25.28,1240.8,No,48.1,4.98,55.1
Australia,Oceania,2025,Maize (Corn),6.23,23.78,770.7,No,47.1,0.41,19.9
Germany,Europe,2007,Soybeans,4.72,12.63,845.6,No,108.3,6.55,21.3
South Africa,Sub-Saharan Africa,2006,Potatoes,23.59,28.23,871.6,No,48.1,5.62,49.7
United States,North America,2023,Potatoes,23.12,16.74,617.1,No,67.3,0.78,35.3
Ukraine,Europe,2020,Potatoes,22.96,15.9,1110.1,No,56.8,0.88,19.6
Uganda,Sub-Saharan Africa,2009,Potatoes,24.05,26.25,1156.6,No,91.1,1.14,64.5
Pakistan,South Asia,2025,Maize (Corn),8.42,23.83,1087.0,No,132.6,3.71,37.5
France,Europe,2012,Maize (Corn),7.16,14.0,904.3,No,133.4,2.81,26.9
Tanzania,Sub-Saharan Africa,2005,Cassava,15.23,24.27,1230.7,No,73.4,2.13,58.8
Ethiopia,Sub-Saharan Africa,2007,Wheat,5.98,24.93,984.7,No,118.0,2.33,61.6
Argentina,South America,2007,Cassava,16.63,19.88,871.2,No,124.8,6.23,29.6
Uganda,Sub-Saharan Africa,2010,Cassava,13.55,29.32,1358.5,No,72.2,0.86,66.6
Bangladesh,South Asia,2007,Potatoes,23.98,19.45,716.9,No,130.5,1.45,35.6
Sudan,Sub-Saharan Africa,2006,Rice,5.28,27.24,1060.1,No,44.1,3.21,53.9
Ethiopia,Sub-Saharan Africa,2025,Maize (Corn),8.01,28.02,986.4,No,171.2,5.93,47.6
Canada,North America,2008,Wheat,4.28,17.13,1205.3,Yes,136.4,5.82,37.5
Argentina,South America,2011,Maize (Corn),8.68,24.93,982.9,No,122.4,7.86,18.8
Canada,North America,2004,Rice,5.14,16.39,1157.9,No,23.5,3.47,25.8
Tanzania,Sub-Saharan Africa,2016,Cassava,15.23,25.81,895.0,No,48.8,2.38,49.1
Egypt,Middle East & North Africa,2024,Maize (Corn),6.39,22.69,947.9,No,57.8,2.66,43.0
France,Europe,2016,Cassava,15.54,13.89,1184.7,No,84.5,5.99,34.4
Thailand,Southeast Asia,2020,Rice,6.4,21.17,1545.0,No,101.9,2.76,25.5
Turkey,Middle East & North Africa,2017,Potatoes,24.19,19.49,631.4,No,123.2,3.09,48.0
Bangladesh,South Asia,2001,Cassava,15.57,23.65,1027.1,No,75.8,2.33,45.0
Tanzania,Sub-Saharan Africa,2015,Rice,6.9,25.25,797.5,No,144.9,2.66,52.2
Ukraine,Europe,2024,Potatoes,19.89,17.84,1018.1,No,64.8,2.5,29.2
Uganda,Sub-Saharan Africa,2024,Soybeans,2.34,30.37,1246.6,Yes,66.3,0.49,80.1
Ukraine,Europe,2022,Soybeans,4.53,16.03,1182.2,No,98.6,3.87,29.8
Sudan,Sub-Saharan Africa,2014,Soybeans,4.79,24.48,929.5,No,83.6,4.77,62.6
Tanzania,Sub-Saharan Africa,2016,Soybeans,4.77,23.98,1153.3,No,136.6,1.38,47.5
France,Europe,2009,Soybeans,3.35,16.44,1384.9,No,53.0,2.75,34.7
Kenya,Sub-Saharan Africa,2009,Rice,4.78,30.07,1071.8,No,67.8,5.07,53.4
Argentina,South America,2013,Maize (Corn),7.06,22.77,1051.0,No,82.7,2.4,18.7
Nigeria,Sub-Saharan Africa,2010,Soybeans,5.4,24.72,1292.8,No,125.7,6.73,50.8
Tanzania,Sub-Saharan Africa,2008,Rice,7.13,25.58,1192.0,No,128.0,4.63,64.4
South Africa,Sub-Saharan Africa,2002,Cassava,15.68,23.9,664.2,No,85.3,2.07,65.4
United States,North America,2010,Maize (Corn),6.99,14.87,1058.4,No,61.7,2.94,22.7
Kenya,Sub-Saharan Africa,2008,Maize (Corn),6.59,24.93,1130.4,No,55.2,3.32,57.3
Thailand,Southeast Asia,2014,Maize (Corn),7.75,22.44,1873.0,No,135.8,2.56,22.3
Sudan,Sub-Saharan Africa,2014,Soybeans,3.55,27.65,1130.2,No,60.9,1.33,54.2
Turkey,Middle East & North Africa,2010,Maize (Corn),6.21,23.4,620.2,No,66.6,1.14,47.6
Brazil,South America,2015,Cassava,16.11,23.74,920.6,No,104.3,1.88,27.1
Egypt,Middle East & North Africa,2017,Soybeans,4.14,27.98,781.1,No,97.3,3.85,37.8
Australia,Oceania,2007,Maize (Corn),7.96,22.21,1347.5,No,140.2,2.18,31.1
Egypt,Middle East & North Africa,2023,Soybeans,3.17,25.53,282.4,Yes,125.9,1.34,66.6
Argentina,South America,2007,Cassava,16.1,20.18,572.3,No,138.0,2.72,27.8
Indonesia,Southeast Asia,2005,Rice,5.93,25.77,1288.9,No,122.2,3.51,24.6
Australia,Oceania,2015,Cassava,8.29,25.01,436.7,Yes,72.1,3.88,59.0
Turkey,Middle East & North Africa,2006,Rice,5.44,21.71,901.6,No,60.2,1.65,44.6
South Africa,Sub-Saharan Africa,2014,Rice,3.82,31.68,872.7,Yes,99.0,1.81,80.5
Nigeria,Sub-Saharan Africa,2023,Wheat,4.85,26.88,888.0,No,92.9,1.91,59.5
Egypt,Middle East & North Africa,2021,Wheat,5.32,22.33,458.2,No,70.0,2.83,39.2
Ukraine,Europe,2001,Maize (Corn),7.52,14.4,521.2,No,94.8,4.3,22.4
Australia,Oceania,2020,Soybeans,4.51,22.39,1242.1,No,112.1,3.37,16.0
Ukraine,Europe,2004,Cassava,15.02,12.6,1076.8,No,51.5,2.35,25.1
France,Europe,2013,Potatoes,23.56,13.55,474.9,No,109.8,1.2,19.0
Australia,Oceania,2016,Maize (Corn),5.67,21.5,1444.8,No,26.7,0.57,31.5
Ukraine,Europe,2004,Cassava,16.29,15.43,1037.1,No,122.9,2.01,17.3
Ukraine,Europe,2021,Maize (Corn),3.82,14.88,380.6,Yes,78.1,2.39,52.7
Pakistan,South Asia,2020,Cassava,15.86,21.37,1006.9,No,96.1,3.88,40.7
Kenya,Sub-Saharan Africa,2012,Maize (Corn),7.23,25.7,751.9,No,121.5,1.79,52.9
Canada,North America,2012,Rice,5.87,15.58,988.4,No,103.2,1.75,25.7
United States,North America,2015,Maize (Corn),8.53,14.71,881.4,No,184.0,4.76,17.0
Kenya,Sub-Saharan Africa,2017,Cassava,14.19,26.47,824.9,No,26.7,0.92,66.1
France,Europe,2001,Cassava,14.89,15.35,628.0,No,35.5,2.7,31.9
Kenya,Sub-Saharan Africa,2011,Potatoes,24.48,26.39,891.4,No,156.9,2.53,56.1
Kenya,Sub-Saharan Africa,2021,Cassava,15.2,25.42,1072.6,No,74.2,1.6,53.1
Tanzania,Sub-Saharan Africa,2021,Maize (Corn),3.63,29.62,885.0,Yes,81.2,0.76,92.2
Tanzania,Sub-Saharan Africa,2021,Potatoes,24.46,27.06,857.5,No,119.8,3.91,63.8
Tanzania,Sub-Saharan Africa,2022,Potatoes,23.78,27.64,1151.9,No,103.6,2.81,55.5
Ukraine,Europe,2002,Potatoes,24.67,16.52,1020.1,No,145.6,1.07,27.5
United States,North America,2007,Wheat,4.84,12.83,852.1,No,54.0,6.27,25.7
Sudan,Sub-Saharan Africa,2007,Wheat,5.51,26.23,1103.5,No,103.4,3.54,47.7
Brazil,South America,2002,Maize (Corn),8.21,23.36,707.7,No,172.7,2.21,16.4
Tanzania,Sub-Saharan Africa,2014,Rice,4.27,31.25,1048.9,No,58.5,5.32,54.7
Mexico,North America,2000,Maize (Corn),8.07,10.3,654.8,No,152.3,2.19,30.6
Bangladesh,South Asia,2006,Wheat,5.61,23.5,718.9,No,150.4,1.71,36.7
Argentina,South America,2021,Rice,4.83,22.08,1106.5,No,41.2,2.41,22.4
Vietnam,Southeast Asia,2013,Soybeans,5.6,22.62,1123.3,No,134.6,1.52,27.1
South Africa,Sub-Saharan Africa,2003,Soybeans,5.03,26.86,800.8,No,86.6,6.23,46.3
Bangladesh,South Asia,2003,Cassava,11.1,24.25,237.0,Yes,143.4,3.54,75.2
Kenya,Sub-Saharan Africa,2003,Maize (Corn),8.03,27.1,993.3,No,135.2,5.52,46.6
Turkey,Middle East & North Africa,2001,Maize (Corn),5.68,21.5,291.1,Yes,183.4,2.31,66.4
France,Europe,2008,Soybeans,4.25,14.62,849.0,No,79.2,2.6,35.4
India,South Asia,2024,Soybeans,3.39,23.9,740.1,No,33.0,1.96,37.0
Ukraine,Europe,2017,Soybeans,4.85,13.13,699.6,No,132.9,2.76,24.6
United States,North America,2003,Rice,4.17,17.06,1166.2,Yes,102.2,0.9,37.7
India,South Asia,2023,Rice,4.21,25.42,1159.7,Yes,70.3,1.24,62.8
Egypt,Middle East & North Africa,2011,Potatoes,24.08,24.88,744.8,No,96.1,3.66,43.5
Ukraine,Europe,2004,Cassava,16.65,16.14,968.5,No,122.1,5.33,17.9
Ukraine,Europe,2007,Potatoes,23.23,13.7,774.1,No,50.0,3.9,12.8
Vietnam,Southeast Asia,2023,Wheat,6.18,22.7,874.1,No,120.6,6.24,24.8
Canada,North America,2011,Potatoes,24.93,15.02,1194.1,No,141.4,4.62,20.2
Australia,Oceania,2024,Rice,7.27,22.3,1020.1,No,151.5,2.44,19.8
China,East Asia,2021,Cassava,9.16,25.77,912.9,Yes,77.6,3.59,57.1
China,East Asia,2008,Wheat,5.76,19.67,771.4,No,87.9,4.92,18.3
South Africa,Sub-Saharan Africa,2013,Potatoes,23.07,26.89,699.8,No,97.2,1.36,69.6
Mexico,North America,2019,Rice,7.02,15.03,883.1,No,135.7,5.91,23.6
Tanzania,Sub-Saharan Africa,2020,Cassava,15.46,27.52,801.9,No,89.5,3.22,65.0
Sudan,Sub-Saharan Africa,2003,Maize (Corn),7.58,26.02,1401.3,No,98.8,4.46,66.0
Argentina,South America,2002,Wheat,4.4,21.65,867.0,No,46.6,0.42,20.0
Argentina,South America,2018,Maize (Corn),7.7,21.79,1263.8,No,108.6,4.01,22.9
Vietnam,Southeast Asia,2023,Cassava,15.36,19.15,1307.7,No,66.6,2.2,27.2
Thailand,Southeast Asia,2016,Wheat,6.09,24.02,1417.2,No,146.9,3.13,22.5
India,South Asia,2013,Maize (Corn),7.52,22.54,1332.8,No,86.0,3.24,44.4
China,East Asia,2012,Rice,7.32,17.99,1068.8,No,190.2,1.87,28.4
Ukraine,Europe,2015,Potatoes,24.53,16.1,1230.2,No,117.1,4.3,24.1
United States,North America,2001,Wheat,5.73,11.54,1288.0,No,72.8,8.35,18.8
Germany,Europe,2016,Cassava,12.84,17.59,616.0,No,40.5,4.99,29.6
Sudan,Sub-Saharan Africa,2007,Rice,5.11,23.17,703.0,No,30.6,4.1,57.0
Argentina,South America,2006,Rice,5.6,25.64,1245.7,Yes,148.2,4.31,44.3
Tanzania,Sub-Saharan Africa,2008,Cassava,15.46,25.94,1102.6,No,108.2,0.9,56.2
Thailand,Southeast Asia,2011,Potatoes,23.95,22.54,1241.5,No,90.4,2.28,21.7
Tanzania,Sub-Saharan Africa,2020,Soybeans,3.88,20.66,764.2,No,87.8,0.87,54.2
Thailand,Southeast Asia,2023,Maize (Corn),6.33,25.08,1345.1,No,158.8,1.19,16.9
Mexico,North America,2020,Maize (Corn),5.77,14.95,1424.6,No,35.3,3.42,18.1
Thailand,Southeast Asia,2002,Soybeans,4.38,22.53,1349.4,No,82.5,2.29,26.4
Germany,Europe,2017,Maize (Corn),6.52,16.1,626.7,No,59.3,2.75,22.0
Tanzania,Sub-Saharan Africa,2020,Potatoes,22.99,27.64,1247.1,No,48.5,2.63,54.2
Nigeria,Sub-Saharan Africa,2012,Potatoes,25.1,24.7,1033.3,No,143.8,4.63,50.9
Bangladesh,South Asia,2014,Maize (Corn),7.07,19.87,1305.2,No,66.3,2.39,43.4
Kenya,Sub-Saharan Africa,2003,Maize (Corn),7.45,23.01,969.5,No,76.9,7.18,55.1
Tanzania,Sub-Saharan Africa,2011,Potatoes,24.45,27.32,1115.1,No,95.2,2.35,59.7
Pakistan,South Asia,2012,Wheat,4.52,21.45,940.8,No,74.1,1.7,44.4
Nigeria,Sub-Saharan Africa,2025,Wheat,6.13,26.91,806.7,No,110.4,2.79,62.4
Uganda,Sub-Saharan Africa,2000,Potatoes,23.07,25.48,906.9,No,56.0,1.27,58.4
United States,North America,2016,Soybeans,2.82,18.28,843.8,Yes,84.9,2.37,49.2
Kenya,Sub-Saharan Africa,2025,Potatoes,22.92,27.46,529.0,No,75.5,1.57,67.2
Australia,Oceania,2022,Wheat,6.4,19.12,1284.5,No,167.4,2.04,23.2
France,Europe,2025,Cassava,14.61,11.71,611.1,No,65.4,1.01,26.1
Brazil,South America,2001,Wheat,8.58,22.92,867.7,No,311.9,3.48,23.4
Uganda,Sub-Saharan Africa,2024,Soybeans,4.47,25.56,748.0,No,74.4,2.18,46.3
India,South Asia,2008,Cassava,16.18,24.62,886.9,No,112.1,2.24,41.6
Australia,Oceania,2011,Soybeans,6.58,22.89,1474.4,No,224.8,3.8,11.9
Kenya,Sub-Saharan Africa,2023,Wheat,5.87,26.86,1369.2,No,105.7,1.04,55.9
Pakistan,South Asia,2012,Soybeans,4.97,22.1,753.2,No,118.7,1.23,45.9
United States,North America,2002,Cassava,15.86,10.39,536.9,No,74.3,4.71,23.1
China,East Asia,2013,Cassava,13.5,26.45,775.3,No,42.2,6.14,23.1
Uganda,Sub-Saharan Africa,2008,Cassava,14.87,24.77,559.3,No,50.3,4.1,60.4
Ukraine,Europe,2012,Wheat,7.16,12.51,852.2,No,203.3,2.54,19.5
Mexico,North America,2023,Cassava,15.82,13.79,691.0,No,82.4,3.92,21.1
Sudan,Sub-Saharan Africa,2004,Maize (Corn),7.3,27.68,580.8,No,107.4,4.95,68.6
Bangladesh,South Asia,2016,Maize (Corn),7.72,24.05,770.2,No,122.7,2.69,40.4
Uganda,Sub-Saharan Africa,2016,Rice,7.8,26.45,791.6,No,238.8,0.48,57.5
Bangladesh,South Asia,2005,Cassava,16.32,24.05,1003.9,No,126.7,2.96,48.5
France,Europe,2015,Soybeans,4.92,15.02,798.2,No,97.7,5.05,17.9
United States,North America,2022,Potatoes,23.51,13.24,579.6,No,35.9,2.55,23.1
Sudan,Sub-Saharan Africa,2013,Maize (Corn),7.16,26.9,842.8,No,86.6,4.3,60.5
Mexico,North America,2021,Potatoes,23.0,15.67,1390.4,No,57.4,5.42,24.7
Pakistan,South Asia,2001,Wheat,6.08,24.23,1300.3,No,78.0,10.13,33.0
Uganda,Sub-Saharan Africa,2005,Wheat,3.74,29.36,1089.6,No,49.1,1.23,62.7
Thailand,Southeast Asia,2015,Cassava,16.03,22.44,1585.9,No,100.0,3.2,18.5
Canada,North America,2024,Rice,5.64,14.11,892.9,No,77.8,2.6,28.6
Thailand,Southeast Asia,2017,Soybeans,5.23,20.89,1865.7,No,148.1,5.51,22.2
Ethiopia,Sub-Saharan Africa,2014,Soybeans,3.93,26.9,877.4,No,102.1,1.0,54.1
Uganda,Sub-Saharan Africa,2004,Rice,7.41,29.66,546.0,No,251.3,0.95,44.8
Argentina,South America,2025,Rice,5.44,23.57,1479.8,No,70.5,0.89,20.4
Canada,North America,2007,Maize (Corn),6.61,13.17,1062.0,No,69.8,3.22,22.3
Thailand,Southeast Asia,2007,Rice,5.19,25.27,1603.6,No,102.9,1.28,24.0
Argentina,South America,2003,Wheat,7.15,23.04,890.9,No,192.6,0.9,16.0
Mexico,North America,2008,Maize (Corn),7.3,14.92,728.6,No,131.2,1.65,28.3
Tanzania,Sub-Saharan Africa,2007,Rice,5.81,26.32,1046.9,No,96.5,2.63,57.9
Ukraine,Europe,2019,Maize (Corn),6.88,15.38,785.4,No,66.1,1.68,35.1
Kenya,Sub-Saharan Africa,2006,Soybeans,4.12,23.81,965.6,No,58.4,0.91,60.1
Australia,Oceania,2013,Potatoes,23.42,21.02,796.3,No,60.4,2.6,21.9
Indonesia,Southeast Asia,2001,Rice,5.76,22.61,1228.0,No,45.7,9.7,26.8
Egypt,Middle East & North Africa,2001,Cassava,15.47,23.23,813.0,No,75.9,2.61,49.3
Nigeria,Sub-Saharan Africa,2000,Maize (Corn),7.76,24.88,826.3,No,156.8,1.19,60.7
South Africa,Sub-Saharan Africa,2009,Maize (Corn),6.82,25.56,1377.7,No,72.9,4.88,53.6
Uganda,Sub-Saharan Africa,2002,Maize (Corn),7.76,28.03,1079.8,No,108.4,4.39,54.4
France,Europe,2003,Maize (Corn),8.95,9.1,975.1,No,168.3,8.59,11.3
Mexico,North America,2007,Soybeans,3.98,16.63,926.5,Yes,139.4,5.24,30.8
Nigeria,Sub-Saharan Africa,2007,Maize (Corn),7.61,26.31,507.9,No,96.2,1.92,50.6
Kenya,Sub-Saharan Africa,2023,Wheat,4.58,22.71,733.1,No,25.9,2.62,63.7
Kenya,Sub-Saharan Africa,2009,Rice,4.53,29.61,731.7,Yes,191.0,4.36,86.2
Tanzania,Sub-Saharan Africa,2000,Soybeans,4.35,26.96,840.9,No,76.8,4.93,67.6
Sudan,Sub-Saharan Africa,2019,Soybeans,4.93,27.51,471.7,No,121.1,2.51,52.2
Bangladesh,South Asia,2017,Wheat,6.05,20.38,1117.5,No,103.5,8.97,39.4
Canada,North America,2017,Wheat,4.91,14.18,879.1,No,49.6,5.32,17.0
Australia,Oceania,2015,Cassava,14.92,22.08,1328.9,No,52.3,5.2,28.6
Uganda,Sub-Saharan Africa,2024,Soybeans,4.33,25.85,1354.3,No,75.5,1.46,43.7
France,Europe,2005,Cassava,16.95,13.8,677.8,No,155.1,3.72,24.7
Argentina,South America,2003,Rice,5.27,22.35,1149.1,No,45.8,6.79,25.9
Nigeria,Sub-Saharan Africa,2007,Maize (Corn),7.81,27.72,933.1,No,122.8,5.33,57.7
Germany,Europe,2016,Wheat,5.88,11.75,528.2,No,99.9,4.36,16.1
Canada,North America,2021,Rice,5.52,17.32,1077.6,No,91.8,2.97,17.7
Uganda,Sub-Saharan Africa,2005,Wheat,5.84,26.59,925.7,No,91.4,7.52,53.5
Kenya,Sub-Saharan Africa,2011,Soybeans,5.07,25.63,1047.8,No,102.5,6.08,46.2
Bangladesh,South Asia,2017,Wheat,5.74,19.61,1014.4,No,105.2,6.68,32.2
China,East Asia,2006,Wheat,5.45,21.37,979.5,No,112.3,0.38,22.1
Canada,North America,2003,Rice,5.26,13.84,1360.9,No,107.8,3.21,17.7
United States,North America,2018,Rice,4.92,10.15,1462.8,No,78.7,1.56,29.2
Germany,Europe,2013,Soybeans,5.57,15.49,1011.4,No,192.2,2.47,19.8
Egypt,Middle East & North Africa,2003,Wheat,5.71,23.84,575.8,No,78.0,3.75,39.4
Australia,Oceania,2018,Soybeans,5.16,23.5,864.2,No,112.4,5.18,26.1
Indonesia,Southeast Asia,2020,Soybeans,4.8,20.7,1557.3,No,78.5,2.11,21.1
Kenya,Sub-Saharan Africa,2018,Rice,6.11,26.22,821.5,No,117.7,4.53,51.2
Kenya,Sub-Saharan Africa,2009,Maize (Corn),6.46,24.28,1050.0,No,90.3,0.42,60.2
Sudan,Sub-Saharan Africa,2009,Soybeans,3.95,27.74,1460.3,No,57.3,5.79,50.4
Brazil,South America,2006,Potatoes,23.83,21.15,1390.9,No,105.3,4.44,32.1
Kenya,Sub-Saharan Africa,2004,Soybeans,4.03,29.07,655.1,No,66.4,3.51,61.2
India,South Asia,2017,Cassava,15.15,23.47,773.3,No,56.1,4.09,42.1
Sudan,Sub-Saharan Africa,2016,Potatoes,23.1,26.86,1417.3,No,65.6,1.48,60.3
Bangladesh,South Asia,2025,Cassava,16.71,23.24,1024.0,No,167.3,2.85,44.0
United States,North America,2014,Maize (Corn),7.52,13.03,431.3,Yes,259.5,0.35,39.3
Australia,Oceania,2013,Potatoes,24.11,20.58,993.9,No,108.7,5.21,29.8
Nigeria,Sub-Saharan Africa,2018,Cassava,15.91,26.26,996.5,No,119.7,5.65,63.7
South Africa,Sub-Saharan Africa,2006,Cassava,14.81,23.68,705.8,No,54.4,2.89,62.0
Argentina,South America,2018,Rice,5.66,23.95,1113.0,No,73.1,3.21,24.4
China,East Asia,2010,Potatoes,23.75,22.1,839.3,No,73.1,3.89,21.8
Brazil,South America,2007,Rice,5.47,21.7,1059.4,No,94.3,1.49,26.0
Mexico,North America,2016,Potatoes,20.0,17.08,1077.1,No,56.7,3.34,32.9
Brazil,South America,2000,Potatoes,23.61,20.01,1009.4,No,106.1,0.99,20.2
Thailand,Southeast Asia,2010,Soybeans,4.18,21.76,1515.1,No,82.0,2.36,25.4
Bangladesh,South Asia,2022,Soybeans,5.93,20.1,1083.4,No,175.8,6.23,41.2
India,South Asia,2015,Cassava,15.23,20.96,798.2,No,66.5,1.94,41.7
Argentina,South America,2002,Cassava,16.73,20.89,565.3,No,175.9,2.28,18.9
Tanzania,Sub-Saharan Africa,2003,Potatoes,25.5,27.87,621.8,No,213.6,5.47,53.4
Ukraine,Europe,2006,Wheat,5.99,15.9,1204.7,No,107.1,2.38,22.5
Canada,North America,2025,Rice,5.47,19.84,767.3,No,115.1,2.36,24.5
Mexico,North America,2009,Potatoes,13.77,17.25,859.9,Yes,180.5,0.65,46.2
Ethiopia,Sub-Saharan Africa,2017,Potatoes,22.6,25.63,976.6,No,34.4,3.3,63.8
United States,North America,2006,Potatoes,15.45,17.96,879.3,Yes,82.2,2.51,52.5
Argentina,South America,2001,Soybeans,3.49,20.43,670.6,No,58.0,2.95,25.0
Ukraine,Europe,2015,Rice,6.22,15.44,872.9,No,108.0,5.05,19.8
Turkey,Middle East & North Africa,2005,Soybeans,3.51,19.7,358.0,Yes,83.0,2.95,56.2
Ukraine,Europe,2025,Soybeans,5.11,16.45,914.6,No,103.8,3.17,19.6
Argentina,South America,2020,Cassava,15.39,21.76,1124.3,No,119.5,2.03,19.3
Vietnam,Southeast Asia,2001,Rice,5.79,19.83,1314.7,No,44.5,4.86,26.7
Brazil,South America,2015,Potatoes,24.24,23.41,1333.1,No,102.2,3.42,30.9
Brazil,South America,2017,Soybeans,3.96,22.1,1361.1,No,58.5,3.2,13.3
Uganda,Sub-Saharan Africa,2018,Potatoes,25.0,26.08,1379.8,No,179.9,3.67,54.8
Canada,North America,2024,Potatoes,23.87,12.89,746.4,No,145.5,2.03,26.4
Pakistan,South Asia,2023,Wheat,4.78,23.18,858.3,No,36.1,2.42,39.7
Pakistan,South Asia,2002,Potatoes,24.06,22.08,541.2,No,96.8,2.72,43.4
Mexico,North America,2004,Wheat,5.2,14.5,1018.2,No,80.1,3.25,28.5
Vietnam,Southeast Asia,2001,Maize (Corn),7.45,21.36,1557.3,No,103.7,3.22,17.0
Pakistan,South Asia,2017,Cassava,17.55,21.61,682.3,No,166.0,4.89,40.5
South Africa,Sub-Saharan Africa,2007,Rice,4.94,23.11,1013.6,No,56.2,3.55,56.0
Turkey,Middle East & North Africa,2007,Wheat,3.03,26.47,535.5,Yes,81.9,5.56,66.3
Argentina,South America,2014,Potatoes,23.73,24.56,791.8,No,75.3,2.43,31.4
Turkey,Middle East & North Africa,2002,Maize (Corn),7.32,20.12,497.1,No,140.1,1.75,38.5
Ethiopia,Sub-Saharan Africa,2019,Cassava,15.41,25.92,1163.7,No,78.2,1.68,54.8
Nigeria,Sub-Saharan Africa,2023,Soybeans,5.06,27.9,915.6,No,131.4,3.06,48.4
Sudan,Sub-Saharan Africa,2001,Cassava,14.82,26.02,1292.0,No,63.5,0.6,71.1
Vietnam,Southeast Asia,2012,Wheat,3.03,25.08,1218.2,Yes,65.2,2.32,59.6
Australia,Oceania,2009,Potatoes,20.79,25.65,797.4,No,120.7,1.97,30.9
Uganda,Sub-Saharan Africa,2018,Potatoes,24.25,26.07,531.3,No,108.8,4.31,66.3
India,South Asia,2000,Wheat,5.86,21.23,854.3,No,94.5,4.39,41.0
Bangladesh,South Asia,2015,Wheat,5.87,23.0,1265.6,No,94.2,4.77,37.9
Sudan,Sub-Saharan Africa,2012,Cassava,16.48,24.52,1381.3,No,134.0,3.58,49.5
Kenya,Sub-Saharan Africa,2012,Wheat,5.15,29.84,1062.3,Yes,178.9,4.57,71.0
Argentina,South America,2003,Potatoes,25.48,20.39,1172.5,No,143.1,10.13,30.1
Kenya,Sub-Saharan Africa,2007,Soybeans,5.28,24.83,813.4,No,110.6,3.86,62.5
South Africa,Sub-Saharan Africa,2012,Potatoes,24.54,23.71,707.1,No,167.3,0.94,58.8
Pakistan,South Asia,2000,Potatoes,23.79,23.49,829.6,No,52.5,4.03,32.8
Germany,Europe,2014,Soybeans,5.0,15.33,807.1,No,122.2,4.71,22.3
Ukraine,Europe,2010,Cassava,7.1,17.18,1115.1,Yes,77.3,4.16,68.7
Canada,North America,2016,Maize (Corn),4.98,17.18,1227.7,Yes,80.1,0.75,41.0
Ukraine,Europe,2006,Soybeans,3.31,14.15,1451.1,No,64.7,1.42,21.5
Ukraine,Europe,2003,Maize (Corn),7.36,15.45,1028.1,No,63.0,3.91,27.1
Thailand,Southeast Asia,2023,Potatoes,24.06,24.2,1078.3,No,123.6,3.47,24.2
Brazil,South America,2012,Cassava,16.58,22.11,942.9,No,122.9,1.95,22.8
South Africa,Sub-Saharan Africa,2003,Potatoes,23.68,24.12,1420.1,No,83.8,2.9,63.3
Canada,North America,2007,Wheat,5.42,12.78,877.6,No,115.2,1.58,20.2
Egypt,Middle East & North Africa,2001,Soybeans,4.9,23.69,664.4,No,103.5,1.15,33.6
Turkey,Middle East & North Africa,2017,Wheat,3.86,26.44,353.1,Yes,98.4,0.7,56.0
Sudan,Sub-Saharan Africa,2007,Soybeans,5.94,25.83,602.4,No,180.3,1.64,54.5
China,East Asia,2021,Potatoes,24.15,22.15,1135.0,No,112.5,2.31,22.0
United States,North America,2008,Wheat,5.67,16.2,899.6,No,91.6,3.33,15.8
Sudan,Sub-Saharan Africa,2012,Maize (Corn),4.28,29.06,485.1,Yes,112.7,2.51,81.7
India,South Asia,2023,Cassava,16.05,23.41,1347.7,No,146.1,2.82,44.5
China,East Asia,2006,Potatoes,23.64,21.95,1248.8,No,105.4,1.84,27.9
Mexico,North America,2002,Rice,7.3,16.32,1131.8,No,185.3,2.72,15.5
Thailand,Southeast Asia,2002,Potatoes,9.96,25.41,1647.7,Yes,76.9,1.45,64.6
Kenya,Sub-Saharan Africa,2023,Soybeans,4.9,27.83,774.0,No,96.9,7.76,48.0
United States,North America,2018,Potatoes,24.48,13.68,924.3,No,128.6,1.5,31.3
Australia,Oceania,2004,Maize (Corn),7.09,20.63,993.9,No,56.2,2.34,27.7
Brazil,South America,2000,Cassava,16.17,21.16,1068.2,No,121.5,2.49,31.2
Egypt,Middle East & North Africa,2013,Cassava,12.39,21.16,420.9,Yes,109.8,5.44,64.8
China,East Asia,2003,Cassava,9.69,25.74,677.7,Yes,114.9,1.5,61.2
Australia,Oceania,2002,Wheat,5.07,21.61,900.1,No,78.0,2.71,17.6
Pakistan,South Asia,2007,Cassava,16.31,22.21,904.0,No,172.1,1.53,39.4
Ukraine,Europe,2004,Cassava,15.28,12.01,521.0,No,84.3,1.94,23.8
Kenya,Sub-Saharan Africa,2025,Maize (Corn),8.19,27.73,861.3,No,120.2,9.82,51.4
Germany,Europe,2022,Wheat,5.58,14.62,1004.4,No,44.3,9.64,13.8
Bangladesh,South Asia,2004,Potatoes,23.36,23.59,1203.8,No,77.8,1.03,45.0
Germany,Europe,2016,Soybeans,3.06,16.25,996.2,No,15.7,1.88,24.6
Uganda,Sub-Saharan Africa,2017,Cassava,14.43,26.16,773.1,No,25.8,1.62,64.4
Uganda,Sub-Saharan Africa,2003,Maize (Corn),6.68,25.26,900.7,No,76.9,2.76,59.3
Tanzania,Sub-Saharan Africa,2000,Cassava,16.14,25.71,895.0,No,96.7,2.65,58.8
South Africa,Sub-Saharan Africa,2021,Cassava,9.85,29.27,1565.4,Yes,106.0,2.51,85.8
France,Europe,2016,Rice,5.74,12.84,1254.9,No,67.6,6.11,10.8
Mexico,North America,2003,Maize (Corn),8.45,14.95,614.5,No,152.1,1.6,15.2
Egypt,Middle East & North Africa,2002,Rice,4.87,17.03,560.6,No,53.4,1.08,33.9
Nigeria,Sub-Saharan Africa,2025,Potatoes,19.98,29.8,1198.2,No,52.1,5.15,63.8
Australia,Oceania,2021,Rice,6.59,20.46,1046.5,No,124.5,3.9,15.4
Canada,North America,2021,Rice,5.87,14.62,1038.1,No,93.4,6.13,16.3
India,South Asia,2017,Maize (Corn),6.8,21.96,1041.2,No,53.7,3.71,32.2
Canada,North America,2018,Rice,6.32,17.37,928.8,No,169.7,2.04,17.9
China,East Asia,2008,Wheat,4.65,24.97,839.6,Yes,104.4,0.99,51.7
Mexico,North America,2009,Rice,7.54,13.94,850.2,No,212.3,0.47,24.1
India,South Asia,2018,Rice,6.02,23.03,1066.5,No,99.9,2.84,34.4
China,East Asia,2016,Potatoes,24.29,18.19,1145.4,No,109.6,2.15,27.4
Uganda,Sub-Saharan Africa,2012,Potatoes,23.29,26.82,1073.8,No,39.5,3.56,59.5
Tanzania,Sub-Saharan Africa,2020,Rice,5.63,27.08,1194.1,No,84.8,0.39,61.8
Sudan,Sub-Saharan Africa,2016,Potatoes,24.57,24.72,1040.1,No,106.4,5.44,57.5
Indonesia,Southeast Asia,2011,Cassava,15.02,21.41,1627.6,No,71.9,1.92,23.3
Nigeria,Sub-Saharan Africa,2023,Maize (Corn),6.52,29.09,1103.9,No,148.1,0.59,56.5
France,Europe,2018,Wheat,4.84,10.69,1209.9,No,89.0,1.61,16.4
China,East Asia,2019,Soybeans,4.09,21.27,1121.4,No,86.7,1.63,25.2
China,East Asia,2021,Rice,5.02,24.14,1002.6,No,43.4,4.59,30.2
Kenya,Sub-Saharan Africa,2001,Potatoes,23.82,26.25,942.6,No,98.5,3.21,52.7
Pakistan,South Asia,2013,Maize (Corn),7.79,23.11,1177.9,No,130.5,2.09,39.5
Kenya,Sub-Saharan Africa,2020,Cassava,15.25,24.64,1061.9,No,53.6,3.69,53.2
Australia,Oceania,2014,Potatoes,13.96,24.53,1338.4,Yes,38.2,1.55,43.0
Canada,North America,2021,Rice,4.35,16.83,1410.4,Yes,62.4,4.82,52.0
Thailand,Southeast Asia,2016,Potatoes,24.0,20.79,1456.7,No,146.3,0.59,24.6
Nigeria,Sub-Saharan Africa,2019,Wheat,5.33,29.34,1211.0,No,128.2,1.05,52.0
France,Europe,2006,Wheat,6.86,13.22,1400.4,No,196.9,8.06,17.2
Egypt,Middle East & North Africa,2007,Wheat,4.43,26.6,784.2,Yes,113.0,1.77,63.3
Australia,Oceania,2011,Wheat,7.45,24.05,1439.6,No,182.7,1.7,17.0
Nigeria,Sub-Saharan Africa,2018,Cassava,15.5,25.84,947.4,No,65.3,2.71,61.6
Pakistan,South Asia,2008,Potatoes,23.08,23.01,963.5,No,73.6,1.5,45.6
Ukraine,Europe,2011,Rice,5.42,13.42,738.4,No,77.6,0.54,22.5
Canada,North America,2018,Rice,5.08,15.88,1043.8,No,22.8,5.71,24.9
Tanzania,Sub-Saharan Africa,2020,Wheat,6.05,28.94,1471.5,No,136.7,3.35,52.8
Mexico,North America,2005,Potatoes,24.3,15.68,960.4,No,114.6,1.13,28.6
Indonesia,Southeast Asia,2024,Soybeans,3.96,21.7,1489.4,No,76.6,1.68,24.2
Egypt,Middle East & North Africa,2009,Wheat,5.53,23.43,448.0,Yes,186.8,2.32,53.3
Mexico,North America,2009,Potatoes,24.3,14.43,778.5,No,111.5,1.06,25.9
France,Europe,2009,Wheat,4.48,12.53,775.8,No,43.1,5.05,23.8
Tanzania,Sub-Saharan Africa,2002,Potatoes,24.5,26.19,836.5,No,161.4,1.6,55.3
Brazil,South America,2014,Wheat,5.57,24.34,1064.8,No,80.6,4.58,17.0
Nigeria,Sub-Saharan Africa,2019,Potatoes,10.05,30.63,1142.6,Yes,45.5,1.24,86.5
France,Europe,2021,Rice,6.04,16.13,1314.0,No,78.4,1.9,17.9
Argentina,South America,2018,Maize (Corn),9.24,23.11,1435.9,No,250.0,2.23,13.6
Canada,North America,2025,Maize (Corn),6.97,13.79,972.3,No,98.8,2.13,18.2
Thailand,Southeast Asia,2005,Maize (Corn),6.28,23.34,1754.2,No,61.3,2.23,22.6
Egypt,Middle East & North Africa,2022,Cassava,7.64,21.64,362.8,Yes,75.4,1.36,87.0
Canada,North America,2002,Maize (Corn),7.95,14.35,965.4,No,120.9,6.2,36.0
India,South Asia,2014,Maize (Corn),7.23,19.76,747.9,No,131.1,3.31,43.0
France,Europe,2023,Cassava,15.75,13.45,1330.9,No,81.8,1.6,19.1
Kenya,Sub-Saharan Africa,2020,Maize (Corn),7.65,27.19,1327.2,No,124.5,5.12,52.6
China,East Asia,2025,Wheat,3.59,28.25,860.4,Yes,99.5,2.27,34.3
Canada,North America,2000,Rice,6.62,13.15,1313.7,No,106.5,7.54,9.3
Germany,Europe,2005,Maize (Corn),7.62,14.19,990.5,No,114.4,3.36,15.6
Tanzania,Sub-Saharan Africa,2014,Soybeans,3.32,29.52,1246.9,No,29.6,3.63,60.0
Thailand,Southeast Asia,2009,Soybeans,2.96,25.47,1632.1,Yes,55.4,2.73,49.5
Bangladesh,South Asia,2012,Maize (Corn),6.19,25.62,1240.4,Yes,186.8,2.29,60.9
Argentina,South America,2022,Rice,5.26,23.81,1319.3,No,59.0,3.23,24.7
Turkey,Middle East & North Africa,2001,Cassava,15.56,24.12,553.6,No,68.6,2.24,40.0
Argentina,South America,2021,Maize (Corn),7.55,23.9,910.9,No,111.7,4.2,25.5
Thailand,Southeast Asia,2010,Maize (Corn),7.7,20.87,1575.8,No,151.0,2.14,18.6
Nigeria,Sub-Saharan Africa,2009,Cassava,15.63,27.06,1350.2,No,125.4,0.9,62.7
Indonesia,Southeast Asia,2008,Wheat,7.09,22.51,1332.2,No,179.2,0.26,15.2
Bangladesh,South Asia,2011,Potatoes,23.59,20.51,1070.2,No,95.2,3.26,44.5
Kenya,Sub-Saharan Africa,2014,Soybeans,5.87,24.05,792.3,No,185.9,0.56,48.5
Indonesia,Southeast Asia,2007,Maize (Corn),7.65,20.61,1819.9,No,106.0,2.19,25.1
Egypt,Middle East & North Africa,2007,Maize (Corn),6.09,22.21,618.5,No,48.1,2.49,41.5
Argentina,South America,2012,Soybeans,4.17,22.99,1032.8,No,72.3,3.3,19.8
France,Europe,2019,Rice,7.21,15.87,781.6,No,167.7,4.5,13.1
United States,North America,2023,Cassava,13.21,18.08,910.2,No,53.3,3.73,23.8
Mexico,North America,2014,Wheat,5.38,15.0,639.4,No,124.1,1.26,31.4
India,South Asia,2003,Cassava,15.68,20.73,894.1,No,71.0,3.23,47.4
Mexico,North America,2003,Maize (Corn),6.48,13.07,508.2,No,26.8,8.89,30.1
Bangladesh,South Asia,2025,Maize (Corn),8.71,25.48,1000.2,No,211.4,6.0,42.9
Tanzania,Sub-Saharan Africa,2004,Cassava,14.8,27.75,1473.3,No,33.2,4.6,58.2
Turkey,Middle East & North Africa,2005,Maize (Corn),6.22,22.13,665.4,No,44.4,1.22,40.5
Mexico,North America,2016,Rice,6.0,12.71,818.1,No,85.2,2.61,22.5
Canada,North America,2010,Cassava,15.87,14.42,946.7,No,117.0,1.25,22.7
Canada,North America,2018,Wheat,4.83,12.84,1146.1,No,38.3,3.65,29.2
Egypt,Middle East & North Africa,2008,Rice,5.1,21.75,251.8,Yes,134.9,0.9,62.4
Turkey,Middle East & North Africa,2007,Rice,4.02,20.91,150.0,Yes,107.4,1.33,66.6
France,Europe,2021,Cassava,15.9,14.04,885.7,No,89.2,2.11,19.1
Uganda,Sub-Saharan Africa,2005,Soybeans,4.14,25.88,998.4,No,72.9,1.24,45.5
Brazil,South America,2012,Soybeans,4.66,20.21,577.3,No,82.6,6.03,19.1
India,South Asia,2001,Cassava,14.9,20.23,971.2,No,66.8,1.11,42.8
Uganda,Sub-Saharan Africa,2023,Wheat,4.74,28.26,1036.9,No,60.6,1.46,56.9
Australia,Oceania,2020,Potatoes,23.57,23.69,667.2,No,93.3,1.24,30.8
Uganda,Sub-Saharan Africa,2008,Rice,5.36,27.26,1003.2,No,51.2,0.9,59.1
Bangladesh,South Asia,2006,Potatoes,23.43,21.66,976.6,No,116.6,2.22,46.5
Turkey,Middle East & North Africa,2017,Soybeans,4.8,21.57,1088.1,No,128.4,1.09,30.9
Ukraine,Europe,2017,Soybeans,4.93,12.03,691.1,No,111.4,1.11,20.1
Brazil,South America,2008,Rice,6.1,20.91,1502.9,No,100.1,4.55,23.0
France,Europe,2009,Rice,3.11,11.42,431.1,Yes,40.3,4.5,49.9
Indonesia,Southeast Asia,2011,Wheat,4.63,20.48,2100.3,No,26.6,1.83,25.9
Kenya,Sub-Saharan Africa,2000,Maize (Corn),8.06,26.25,1065.1,No,142.4,4.0,64.1
Nigeria,Sub-Saharan Africa,2008,Rice,6.07,27.33,833.2,No,111.4,4.2,59.7
Uganda,Sub-Saharan Africa,2021,Rice,4.39,26.87,947.3,No,39.2,1.71,59.0
Ethiopia,Sub-Saharan Africa,2002,Potatoes,25.02,24.54,1117.6,No,163.8,3.93,63.9
Pakistan,South Asia,2006,Soybeans,5.55,26.55,919.2,No,196.4,3.35,37.9
United States,North America,2020,Cassava,16.1,16.48,1402.6,No,98.0,5.39,19.5
Uganda,Sub-Saharan Africa,2023,Rice,6.73,24.43,954.0,No,144.3,2.96,59.6
India,South Asia,2013,Soybeans,5.32,22.49,544.5,No,124.7,2.46,35.6
Bangladesh,South Asia,2014,Potatoes,23.87,20.81,1135.0,No,114.8,1.21,47.6
Thailand,Southeast Asia,2005,Soybeans,5.56,23.42,1398.1,No,138.7,4.41,19.3
Brazil,South America,2009,Maize (Corn),7.61,24.34,994.5,No,132.6,1.77,26.7
Egypt,Middle East & North Africa,2006,Potatoes,22.79,22.78,535.3,No,43.8,0.7,47.4
Vietnam,Southeast Asia,2004,Soybeans,4.65,21.66,1584.6,No,68.3,3.24,27.9
Tanzania,Sub-Saharan Africa,2019,Rice,5.97,29.57,1087.9,No,90.4,5.82,51.9
Sudan,Sub-Saharan Africa,2018,Maize (Corn),2.92,31.25,1395.2,Yes,31.3,2.27,91.4
France,Europe,2017,Cassava,15.37,12.59,518.8,No,67.1,3.19,23.1
India,South Asia,2005,Wheat,5.3,21.5,948.3,No,55.7,2.02,30.5
Ukraine,Europe,2017,Maize (Corn),7.28,14.62,671.6,No,107.0,1.84,20.7
Egypt,Middle East & North Africa,2021,Soybeans,6.44,23.36,693.7,No,180.7,4.81,26.3
Thailand,Southeast Asia,2015,Potatoes,24.34,22.78,1628.1,No,123.9,6.91,27.1
Indonesia,Southeast Asia,2019,Maize (Corn),6.68,24.99,1794.6,Yes,225.0,3.18,44.7
South Africa,Sub-Saharan Africa,2010,Maize (Corn),9.38,25.31,817.2,No,165.3,11.47,57.8
Pakistan,South Asia,2002,Wheat,5.4,20.36,1024.4,No,100.1,1.74,41.1
Pakistan,South Asia,2012,Rice,5.77,21.46,1078.1,No,95.2,3.15,40.9
Mexico,North America,2013,Cassava,15.82,13.24,1006.6,No,102.9,2.43,26.3
India,South Asia,2010,Maize (Corn),6.14,25.09,1068.2,No,92.9,4.12,37.8
Indonesia,Southeast Asia,2019,Maize (Corn),7.26,21.75,1337.3,No,83.5,6.72,20.4
Tanzania,Sub-Saharan Africa,2013,Wheat,5.18,25.03,1097.9,No,84.7,1.98,52.8
Canada,North America,2012,Soybeans,4.29,12.92,1123.2,No,77.6,2.25,15.2
India,South Asia,2015,Maize (Corn),2.91,25.01,944.7,Yes,62.1,0.79,86.0
Turkey,Middle East & North Africa,2017,Soybeans,3.48,23.92,752.4,No,31.9,6.0,37.6
South Africa,Sub-Saharan Africa,2016,Wheat,6.86,25.77,1010.7,No,148.3,4.45,56.5
South Africa,Sub-Saharan Africa,2012,Soybeans,4.37,26.63,1068.3,No,117.9,2.55,51.2
Vietnam,Southeast Asia,2009,Cassava,15.44,23.18,1336.9,No,85.9,1.07,33.5
South Africa,Sub-Saharan Africa,2020,Soybeans,3.3,24.5,590.9,No,23.6,3.7,65.9
South Africa,Sub-Saharan Africa,2024,Maize (Corn),7.12,24.51,754.2,No,81.9,4.08,57.7
Mexico,North America,2022,Potatoes,23.07,14.43,852.7,No,75.7,0.9,40.4
Germany,Europe,2004,Maize (Corn),5.47,18.64,687.4,Yes,147.3,1.1,54.5
Mexico,North America,2000,Potatoes,23.44,13.62,1044.4,No,59.5,8.43,26.2
Sudan,Sub-Saharan Africa,2009,Potatoes,23.92,24.3,1009.6,No,123.6,3.78,56.3
South Africa,Sub-Saharan Africa,2001,Soybeans,5.91,27.5,598.9,No,194.5,1.43,58.3
Uganda,Sub-Saharan Africa,2007,Maize (Corn),6.89,21.39,961.8,No,96.0,2.42,51.4
Australia,Oceania,2010,Cassava,15.84,19.65,1259.8,No,115.1,1.44,25.4
Uganda,Sub-Saharan Africa,2005,Rice,5.29,26.06,1137.6,No,43.1,1.98,53.4
China,East Asia,2000,Maize (Corn),6.73,23.39,782.6,No,87.7,1.5,22.0
Australia,Oceania,2020,Wheat,5.16,23.21,976.9,No,45.9,0.3,29.6
Nigeria,Sub-Saharan Africa,2017,Potatoes,13.39,28.64,1004.2,Yes,69.6,0.81,85.3
China,East Asia,2006,Wheat,5.94,20.47,991.0,No,140.2,1.5,21.6
Egypt,Middle East & North Africa,2021,Soybeans,4.53,24.39,160.7,Yes,135.6,2.64,63.7
Ethiopia,Sub-Saharan Africa,2014,Rice,5.68,28.51,1027.2,No,112.6,2.05,62.4
Egypt,Middle East & North Africa,2025,Cassava,9.62,22.41,401.4,Yes,89.8,0.56,79.9
Thailand,Southeast Asia,2008,Maize (Corn),7.97,18.52,1261.8,No,178.1,1.14,25.1
Mexico,North America,2024,Potatoes,23.82,14.19,1005.2,No,94.0,2.53,28.3
Tanzania,Sub-Saharan Africa,2008,Maize (Corn),7.46,26.91,556.0,No,125.4,2.05,50.0
Canada,North America,2017,Maize (Corn),6.69,12.61,621.5,No,85.2,3.1,27.3
Tanzania,Sub-Saharan Africa,2017,Wheat,7.08,26.78,757.7,No,200.5,1.99,43.1
Ukraine,Europe,2003,Rice,5.27,11.63,840.3,No,53.0,1.24,10.6
Tanzania,Sub-Saharan Africa,2005,Cassava,15.49,25.34,710.2,No,95.9,1.02,51.9
Sudan,Sub-Saharan Africa,2007,Soybeans,4.84,28.7,879.4,No,99.2,0.63,57.8
Ukraine,Europe,2021,Cassava,14.98,13.41,849.3,No,32.5,2.31,16.3
Vietnam,Southeast Asia,2015,Cassava,14.53,26.85,1082.4,No,137.6,4.7,29.0
Ethiopia,Sub-Saharan Africa,2014,Maize (Corn),7.05,25.36,1205.7,No,78.6,3.17,47.0
Egypt,Middle East & North Africa,2015,Potatoes,23.62,22.1,483.3,No,91.7,2.0,47.8
Tanzania,Sub-Saharan Africa,2012,Soybeans,4.08,27.67,947.1,No,72.9,1.11,48.5
Ukraine,Europe,2023,Potatoes,24.14,15.98,1198.9,No,116.5,2.46,31.2
Ukraine,Europe,2022,Wheat,6.32,14.65,668.7,No,142.7,2.74,26.8
Sudan,Sub-Saharan Africa,2013,Maize (Corn),7.2,25.97,1628.7,No,58.2,6.26,56.0
Bangladesh,South Asia,2012,Cassava,15.58,22.81,587.0,No,80.1,2.31,52.9
Pakistan,South Asia,2024,Rice,6.27,21.82,1185.1,No,121.8,2.3,44.6
Egypt,Middle East & North Africa,2023,Rice,6.72,21.76,567.1,No,160.5,1.42,39.4
Thailand,Southeast Asia,2011,Potatoes,23.14,18.95,1116.2,No,91.3,1.78,30.9
Germany,Europe,2008,Wheat,5.8,14.62,802.1,No,65.6,7.83,25.4
Nigeria,Sub-Saharan Africa,2016,Maize (Corn),6.22,27.69,698.4,No,90.0,2.28,60.9
Sudan,Sub-Saharan Africa,2011,Wheat,5.96,28.52,1014.3,No,100.3,5.6,60.5
Australia,Oceania,2003,Rice,5.87,21.28,968.1,No,75.0,2.72,32.9
Kenya,Sub-Saharan Africa,2000,Wheat,4.4,26.87,1004.8,No,31.6,2.66,56.7
Mexico,North America,2003,Potatoes,23.68,12.09,1206.4,No,68.4,4.14,24.0
Germany,Europe,2010,Wheat,5.12,14.32,1082.9,No,65.2,1.76,22.5
Nigeria,Sub-Saharan Africa,2023,Maize (Corn),6.48,27.66,844.3,No,81.9,1.57,57.6
Germany,Europe,2014,Potatoes,23.31,16.41,525.8,No,59.5,4.81,26.3
Canada,North America,2012,Wheat,5.65,15.9,962.3,No,88.6,1.56,24.3
South Africa,Sub-Saharan Africa,2008,Soybeans,5.95,23.91,1084.6,No,165.9,6.43,55.2
Ukraine,Europe,2013,Rice,5.02,12.49,1068.7,No,90.2,0.87,21.5
Argentina,South America,2008,Cassava,16.54,24.71,728.1,No,158.7,0.92,23.4
Thailand,Southeast Asia,2002,Potatoes,23.96,22.06,1644.0,No,95.8,3.78,25.6
Kenya,Sub-Saharan Africa,2019,Potatoes,24.57,26.39,909.8,No,130.0,4.41,57.0
Vietnam,Southeast Asia,2021,Cassava,15.23,24.15,1684.6,No,68.7,2.71,20.4
Australia,Oceania,2001,Wheat,5.68,21.14,916.7,No,115.3,3.07,16.5
Indonesia,Southeast Asia,2018,Rice,5.79,19.94,1648.2,No,99.6,3.29,28.7
Australia,Oceania,2002,Wheat,5.67,23.83,670.5,No,74.6,4.54,20.4
India,South Asia,2002,Maize (Corn),6.9,20.33,579.9,No,54.8,0.21,40.4
Australia,Oceania,2020,Soybeans,4.57,25.59,933.0,No,121.4,0.84,12.8
Argentina,South America,2015,Cassava,16.64,21.81,1182.5,No,106.1,7.95,25.3
China,East Asia,2008,Potatoes,22.54,21.5,1113.6,No,20.1,2.53,23.0
Ethiopia,Sub-Saharan Africa,2023,Cassava,15.16,27.39,1043.8,No,79.0,0.96,63.5
Thailand,Southeast Asia,2012,Wheat,5.63,22.13,1343.7,No,85.7,2.2,21.0
Indonesia,Southeast Asia,2024,Rice,5.97,23.37,1724.5,No,90.9,5.53,19.2
South Africa,Sub-Saharan Africa,2016,Wheat,6.89,27.64,1055.1,No,159.0,3.79,51.5
China,East Asia,2019,Soybeans,5.39,22.21,1111.9,No,134.6,6.98,19.0
Ethiopia,Sub-Saharan Africa,2007,Wheat,4.51,23.91,1221.7,No,55.0,3.74,58.1
Sudan,Sub-Saharan Africa,2013,Rice,6.17,28.27,1298.8,No,101.6,6.43,60.8
Nigeria,Sub-Saharan Africa,2012,Rice,5.52,26.81,1274.1,No,42.8,3.02,56.0
South Africa,Sub-Saharan Africa,2019,Maize (Corn),5.91,22.39,1585.8,No,20.7,1.78,57.3
Egypt,Middle East & North Africa,2003,Soybeans,2.92,22.83,425.0,Yes,96.7,2.99,61.9
Egypt,Middle East & North Africa,2010,Wheat,6.14,22.21,651.2,No,156.3,2.14,44.8
Germany,Europe,2006,Cassava,14.93,13.47,1044.7,No,58.8,3.43,35.3
Ethiopia,Sub-Saharan Africa,2004,Cassava,15.09,29.04,687.3,No,157.3,6.53,55.3
Vietnam,Southeast Asia,2023,Rice,4.77,22.74,1686.0,No,48.2,0.69,26.5
Egypt,Middle East & North Africa,2002,Rice,6.44,24.08,714.9,No,79.0,7.83,46.2
Egypt,Middle East & North Africa,2011,Soybeans,5.53,23.14,677.2,No,148.4,5.15,36.9
South Africa,Sub-Saharan Africa,2024,Rice,5.75,26.71,503.4,No,96.7,2.57,56.0
Argentina,South America,2001,Potatoes,24.48,22.8,929.2,No,117.1,5.06,25.4
Brazil,South America,2017,Potatoes,23.24,22.02,972.2,No,80.7,3.23,26.5
Vietnam,Southeast Asia,2024,Potatoes,12.92,24.75,869.0,Yes,117.8,1.56,65.3
Uganda,Sub-Saharan Africa,2005,Potatoes,23.33,25.07,1276.6,No,57.6,3.69,55.8
Vietnam,Southeast Asia,2022,Maize (Corn),5.78,23.4,1525.9,No,29.6,0.78,15.9
Kenya,Sub-Saharan Africa,2021,Potatoes,24.51,27.34,824.5,No,143.1,3.73,58.0
Australia,Oceania,2012,Soybeans,5.74,23.82,978.2,No,113.8,7.46,25.3
Pakistan,South Asia,2001,Potatoes,23.62,24.47,1122.4,No,114.0,3.21,49.0
Australia,Oceania,2007,Wheat,6.56,24.18,1231.6,No,133.4,2.43,23.6
South Africa,Sub-Saharan Africa,2009,Potatoes,23.31,23.35,738.4,No,47.4,7.06,66.3
India,South Asia,2019,Maize (Corn),6.63,21.51,893.3,No,37.4,2.53,38.1
Pakistan,South Asia,2002,Soybeans,4.07,22.06,785.9,No,91.9,1.33,37.5
China,East Asia,2012,Rice,6.04,20.62,945.4,No,124.9,2.4,24.5
Australia,Oceania,2013,Soybeans,3.93,17.06,1024.9,No,40.6,0.63,19.7
Uganda,Sub-Saharan Africa,2011,Potatoes,13.8,28.66,1053.4,Yes,36.6,3.05,88.0
Thailand,Southeast Asia,2024,Potatoes,24.38,21.09,1345.7,No,125.5,4.23,20.3
Brazil,South America,2022,Maize (Corn),4.8,25.35,871.0,No,36.7,2.18,23.5
Sudan,Sub-Saharan Africa,2020,Potatoes,24.54,27.22,857.7,No,120.0,4.34,46.7
Germany,Europe,2007,Soybeans,3.34,15.85,1280.7,No,59.0,1.74,24.6
Bangladesh,South Asia,2025,Cassava,15.18,23.06,1024.0,No,57.3,4.36,52.7
Vietnam,Southeast Asia,2000,Soybeans,4.91,17.73,1321.3,No,100.0,3.22,34.2
India,South Asia,2000,Cassava,15.94,19.8,1130.7,No,99.2,5.46,51.6
Ukraine,Europe,2003,Soybeans,4.65,14.12,1355.2,No,133.9,1.97,23.7
Brazil,South America,2005,Maize (Corn),4.24,24.69,1225.0,Yes,59.3,2.44,50.0
Bangladesh,South Asia,2014,Wheat,5.41,22.92,1160.4,No,86.0,0.9,45.1
India,South Asia,2005,Maize (Corn),6.73,24.26,809.0,No,23.1,4.75,46.7
Australia,Oceania,2006,Wheat,4.32,25.96,850.1,Yes,64.3,8.5,44.5
China,East Asia,2025,Wheat,5.05,22.65,873.7,No,68.9,3.17,23.7
Sudan,Sub-Saharan Africa,2013,Rice,6.32,25.04,807.3,No,142.5,2.94,55.7
United States,North America,2014,Rice,7.06,12.44,781.4,No,218.2,1.61,20.5
Nigeria,Sub-Saharan Africa,2014,Cassava,15.39,28.5,994.5,No,37.8,7.02,59.9
Argentina,South America,2021,Rice,4.81,22.57,1141.3,No,72.1,1.25,21.1
Turkey,Middle East & North Africa,2001,Soybeans,5.06,23.84,818.3,No,93.1,4.68,44.4
Mexico,North America,2025,Maize (Corn),7.34,13.1,1131.7,No,84.8,1.58,19.7
Ethiopia,Sub-Saharan Africa,2000,Cassava,15.91,23.41,464.0,No,59.9,5.15,57.4
Germany,Europe,2018,Soybeans,3.53,17.21,1049.2,No,74.8,3.15,29.9
South Africa,Sub-Saharan Africa,2014,Potatoes,19.75,29.85,1429.7,No,35.1,2.92,66.4
United States,North America,2010,Potatoes,24.3,12.95,744.8,No,75.5,5.23,28.9
Brazil,South America,2006,Rice,5.03,19.7,830.2,No,54.0,3.3,25.2
Vietnam,Southeast Asia,2010,Soybeans,5.02,21.74,1560.4,No,121.6,1.72,17.8
Kenya,Sub-Saharan Africa,2008,Cassava,15.08,25.59,713.3,No,51.0,3.48,54.2
Egypt,Middle East & North Africa,2008,Potatoes,24.92,21.97,829.3,No,186.0,1.67,45.5
Canada,North America,2005,Maize (Corn),7.33,11.07,1146.4,No,97.4,3.36,26.8
Brazil,South America,2019,Potatoes,24.15,20.73,1562.1,No,140.6,0.83,25.3
Egypt,Middle East & North Africa,2002,Soybeans,2.82,23.4,426.0,Yes,110.4,1.15,71.9
Vietnam,Southeast Asia,2000,Maize (Corn),5.73,25.01,1462.9,Yes,121.1,3.22,52.0
Mexico,North America,2003,Soybeans,4.12,13.82,1009.9,No,70.6,6.56,23.1
China,East Asia,2015,Rice,5.4,21.31,641.4,No,100.7,0.97,28.7
Uganda,Sub-Saharan Africa,2013,Wheat,5.77,24.92,1074.1,No,83.3,6.2,49.7
Ethiopia,Sub-Saharan Africa,2001,Rice,4.91,26.86,665.7,No,30.9,3.61,57.6
Kenya,Sub-Saharan Africa,2005,Rice,5.89,25.65,967.4,No,103.7,3.08,48.3
Sudan,Sub-Saharan Africa,2024,Rice,6.04,27.26,1129.5,No,87.0,2.05,49.2
France,Europe,2014,Cassava,16.39,13.86,1059.5,No,129.5,4.86,30.3
Uganda,Sub-Saharan Africa,2010,Wheat,4.67,28.25,1312.1,No,61.3,0.84,52.4
Egypt,Middle East & North Africa,2012,Wheat,4.79,21.09,224.0,Yes,171.4,2.49,67.5
Vietnam,Southeast Asia,2021,Cassava,16.57,22.48,1491.8,No,149.5,6.58,23.1
Uganda,Sub-Saharan Africa,2017,Rice,5.24,24.72,1239.0,No,60.5,1.68,60.2
Argentina,South America,2016,Wheat,5.09,23.1,964.9,No,66.6,3.16,23.5
Canada,North America,2015,Potatoes,26.21,12.39,936.5,No,270.5,2.35,23.4
Bangladesh,South Asia,2009,Wheat,6.04,23.0,1007.7,No,130.1,3.54,46.0
South Africa,Sub-Saharan Africa,2019,Potatoes,23.01,23.91,755.7,No,46.4,2.81,53.7
Ukraine,Europe,2011,Wheat,6.56,11.59,622.6,No,141.4,3.55,27.2
Ethiopia,Sub-Saharan Africa,2008,Potatoes,22.78,24.36,1272.1,No,45.6,1.51,53.6
Turkey,Middle East & North Africa,2021,Wheat,3.31,26.29,739.6,Yes,69.5,2.31,72.1
Uganda,Sub-Saharan Africa,2011,Wheat,4.4,25.14,734.9,No,68.3,2.47,63.0
United States,North America,2003,Wheat,4.49,13.41,814.3,No,44.3,0.86,25.5
Pakistan,South Asia,2023,Cassava,17.06,20.8,565.8,No,133.2,7.11,42.1
Ukraine,Europe,2018,Wheat,3.97,17.22,922.1,Yes,145.5,3.98,46.1
Pakistan,South Asia,2024,Cassava,14.91,19.47,728.7,No,59.9,1.46,45.1
Nigeria,Sub-Saharan Africa,2002,Maize (Corn),6.8,27.93,1027.7,No,68.2,2.8,58.9
India,South Asia,2009,Potatoes,23.01,21.98,706.2,No,74.8,2.83,44.7
United States,North America,2024,Cassava,17.5,14.58,693.6,No,201.2,2.25,23.0
South Africa,Sub-Saharan Africa,2015,Potatoes,24.77,26.87,740.3,No,151.2,1.57,66.5
France,Europe,2008,Cassava,12.44,15.11,392.8,Yes,149.0,7.59,55.0
South Africa,Sub-Saharan Africa,2012,Soybeans,4.12,26.42,1187.4,No,86.1,3.12,53.4
Brazil,South America,2005,Soybeans,4.34,22.07,867.6,No,115.6,1.04,27.3
Germany,Europe,2017,Wheat,5.52,10.48,613.3,No,76.2,4.35,19.7
Tanzania,Sub-Saharan Africa,2000,Potatoes,24.38,28.06,943.6,No,139.2,1.21,59.0
Egypt,Middle East & North Africa,2019,Maize (Corn),4.83,22.1,349.8,Yes,129.6,3.84,70.8
United States,North America,2023,Wheat,5.55,16.13,1032.3,No,101.0,7.86,26.6
Ethiopia,Sub-Saharan Africa,2018,Potatoes,18.84,29.37,892.5,No,32.6,1.24,68.7
Nigeria,Sub-Saharan Africa,2008,Soybeans,5.98,30.28,1042.0,No,151.8,10.14,52.5
Vietnam,Southeast Asia,2006,Wheat,5.7,24.09,1846.1,No,126.7,2.32,21.0
Uganda,Sub-Saharan Africa,2014,Rice,5.91,27.79,819.7,No,87.1,2.74,64.8
Mexico,North America,2020,Cassava,15.59,15.44,884.3,No,86.5,5.32,26.7
Ethiopia,Sub-Saharan Africa,2003,Maize (Corn),7.12,26.28,644.7,No,114.0,4.45,55.4
Vietnam,Southeast Asia,2013,Soybeans,5.28,22.03,1322.8,No,115.4,6.71,18.8
Pakistan,South Asia,2013,Cassava,15.94,21.91,669.5,No,61.1,4.36,37.1
Turkey,Middle East & North Africa,2024,Rice,5.08,20.66,737.3,No,71.1,1.77,33.4
Thailand,Southeast Asia,2010,Cassava,15.29,22.31,1158.6,No,76.4,2.32,33.4
Turkey,Middle East & North Africa,2021,Wheat,3.78,24.22,392.0,Yes,60.3,6.21,67.5
Tanzania,Sub-Saharan Africa,2004,Soybeans,3.62,27.05,890.8,No,75.8,2.37,58.1
Turkey,Middle East & North Africa,2022,Potatoes,20.29,25.32,775.1,No,98.0,2.82,43.6
Ukraine,Europe,2000,Cassava,15.02,14.76,711.6,No,64.2,3.48,23.9
Germany,Europe,2009,Wheat,5.38,14.29,659.0,No,93.6,0.4,22.0
Thailand,Southeast Asia,2011,Rice,5.62,24.35,902.8,No,63.8,2.65,24.1
Nigeria,Sub-Saharan Africa,2013,Maize (Corn),8.11,22.6,854.7,No,73.8,10.25,43.7
Egypt,Middle East & North Africa,2017,Rice,4.27,23.73,385.2,Yes,78.8,1.52,68.6
Uganda,Sub-Saharan Africa,2002,Cassava,17.22,27.29,937.2,No,172.7,1.9,53.8
Ukraine,Europe,2004,Potatoes,23.89,11.2,942.2,No,149.3,2.48,30.1
Australia,Oceania,2002,Potatoes,23.78,24.07,842.7,No,130.1,1.63,24.2
India,South Asia,2024,Soybeans,4.25,21.56,807.1,No,80.9,6.82,35.4
South Africa,Sub-Saharan Africa,2021,Maize (Corn),7.6,24.85,955.0,No,88.8,4.17,54.0
Indonesia,Southeast Asia,2004,Wheat,6.09,21.54,1508.7,No,128.1,6.53,17.4
Australia,Oceania,2009,Rice,6.08,22.43,1018.5,No,106.7,1.4,23.6
Australia,Oceania,2014,Rice,3.6,25.73,793.7,Yes,50.4,4.94,52.7
Argentina,South America,2012,Potatoes,23.38,21.58,947.1,No,87.2,3.61,35.6
Indonesia,Southeast Asia,2002,Maize (Corn),6.75,22.17,1186.5,No,88.3,1.4,27.4
Brazil,South America,2005,Rice,6.03,23.16,1001.0,No,136.3,1.05,19.5
France,Europe,2007,Wheat,5.49,16.28,1068.3,No,90.9,3.85,20.5
Ethiopia,Sub-Saharan Africa,2001,Wheat,4.97,24.9,1075.6,No,64.1,1.74,52.7
Egypt,Middle East & North Africa,2013,Maize (Corn),7.62,21.18,489.5,No,86.7,7.44,41.9
Thailand,Southeast Asia,2025,Maize (Corn),7.26,18.57,1365.0,No,89.4,5.27,23.5
Australia,Oceania,2007,Cassava,16.54,23.04,1081.9,No,147.1,4.66,35.2
Canada,North America,2019,Potatoes,23.6,14.62,984.2,No,91.4,2.81,27.2
Brazil,South America,2008,Soybeans,3.84,23.71,893.7,No,77.8,6.59,18.5
Pakistan,South Asia,2023,Rice,5.25,23.79,929.8,No,55.7,0.56,42.2
France,Europe,2021,Maize (Corn),8.53,11.68,1092.6,No,212.2,0.78,18.5
Argentina,South America,2019,Soybeans,4.19,21.08,830.9,No,123.7,0.95,23.8
Bangladesh,South Asia,2005,Wheat,5.2,23.24,534.2,No,38.6,8.5,45.3
Indonesia,Southeast Asia,2008,Soybeans,3.95,20.3,1625.5,No,58.7,2.12,24.0
India,South Asia,2010,Soybeans,3.35,24.74,1111.5,Yes,128.0,1.51,64.1
Canada,North America,2008,Cassava,15.28,16.3,1514.1,No,81.5,3.45,27.1
Indonesia,Southeast Asia,2008,Cassava,14.77,22.99,1478.1,No,52.8,0.83,27.8
Pakistan,South Asia,2016,Soybeans,4.37,24.43,823.6,No,72.9,1.4,42.8
Thailand,Southeast Asia,2021,Cassava,7.5,25.71,1146.1,Yes,78.5,2.38,61.1
Vietnam,Southeast Asia,2018,Wheat,5.47,24.58,1040.7,Yes,184.4,5.0,47.6
Uganda,Sub-Saharan Africa,2012,Maize (Corn),6.92,28.15,731.5,No,61.4,2.68,58.0
United States,North America,2022,Potatoes,23.82,12.5,912.5,No,97.8,1.97,23.3
Kenya,Sub-Saharan Africa,2016,Potatoes,24.75,26.19,847.8,No,154.1,5.51,57.0
Pakistan,South Asia,2004,Rice,6.35,22.88,1032.2,No,135.8,1.86,39.5
Uganda,Sub-Saharan Africa,2018,Rice,6.03,25.62,728.4,No,96.9,2.56,59.2
Ethiopia,Sub-Saharan Africa,2024,Rice,5.22,28.34,976.2,No,60.9,3.01,63.6
Tanzania,Sub-Saharan Africa,2010,Cassava,16.53,28.03,1158.6,No,158.1,1.45,56.2
India,South Asia,2016,Rice,6.6,22.67,1095.7,No,143.6,0.54,37.4
France,Europe,2010,Cassava,12.91,17.29,664.9,No,89.1,1.61,19.4
Nigeria,Sub-Saharan Africa,2000,Cassava,14.85,26.39,984.6,No,42.2,1.94,53.6
Canada,North America,2003,Rice,4.99,14.3,885.1,No,53.9,1.39,11.7
Canada,North America,2020,Cassava,15.77,14.47,1156.4,No,60.6,6.34,23.3
Germany,Europe,2017,Potatoes,23.25,15.76,562.7,No,68.9,1.88,14.5
Indonesia,Southeast Asia,2006,Wheat,6.51,24.9,1580.1,No,134.1,1.02,21.9
United States,North America,2010,Wheat,6.1,13.86,1228.7,No,114.7,3.69,21.6
Thailand,Southeast Asia,2021,Soybeans,3.64,21.58,1141.2,No,63.5,2.6,22.6
Germany,Europe,2005,Maize (Corn),7.2,16.85,562.3,No,115.9,1.47,21.6
Germany,Europe,2004,Soybeans,5.0,13.56,1035.0,No,128.4,1.19,16.6
Argentina,South America,2006,Soybeans,4.21,19.17,1083.6,No,75.2,5.25,12.9
Indonesia,Southeast Asia,2011,Rice,5.87,18.89,1114.0,No,97.3,3.13,17.0
Uganda,Sub-Saharan Africa,2009,Wheat,5.24,22.96,753.4,No,66.6,2.0,63.4
Argentina,South America,2012,Potatoes,23.82,22.66,1174.1,No,130.3,2.84,27.7
Mexico,North America,2006,Maize (Corn),7.61,12.18,1650.0,No,110.5,2.96,25.1
Pakistan,South Asia,2011,Soybeans,4.73,22.49,1089.4,No,96.9,3.99,35.0
United States,North America,2009,Cassava,8.29,17.49,706.2,Yes,41.8,6.16,65.2
Canada,North America,2009,Cassava,15.65,14.34,780.1,No,78.5,1.13,18.4
Ethiopia,Sub-Saharan Africa,2021,Maize (Corn),6.86,27.41,884.1,No,86.2,1.01,54.6
South Africa,Sub-Saharan Africa,2000,Cassava,16.24,26.51,1064.1,No,114.7,4.04,67.2
Egypt,Middle East & North Africa,2005,Potatoes,23.85,20.71,653.9,No,114.2,0.91,45.4
United States,North America,2023,Soybeans,4.33,18.78,1062.8,Yes,178.2,1.06,43.0
Turkey,Middle East & North Africa,2010,Potatoes,24.45,19.78,848.9,No,182.4,2.47,37.6
Ethiopia,Sub-Saharan Africa,2010,Rice,6.57,25.31,976.4,No,136.3,3.78,53.1
Turkey,Middle East & North Africa,2003,Cassava,14.32,27.06,491.8,No,165.8,0.54,46.3
Uganda,Sub-Saharan Africa,2020,Soybeans,4.3,27.31,1532.1,No,78.7,1.87,57.1
Mexico,North America,2007,Potatoes,23.53,13.75,1650.2,No,69.7,3.57,19.8
China,East Asia,2001,Maize (Corn),7.46,23.22,1022.2,No,131.5,3.65,32.5
Indonesia,Southeast Asia,2001,Rice,6.82,20.81,1531.7,No,158.9,2.96,17.4
Vietnam,Southeast Asia,2019,Maize (Corn),8.61,21.34,1747.3,No,198.2,4.6,18.7
Thailand,Southeast Asia,2023,Wheat,4.2,26.66,1342.7,No,52.8,3.06,37.8
Mexico,North America,2011,Maize (Corn),7.97,12.02,1233.9,No,131.1,2.46,24.7
Brazil,South America,2022,Rice,6.38,25.3,1104.6,Yes,145.8,9.78,42.0
Mexico,North America,2017,Rice,4.95,16.33,959.5,No,42.3,2.84,27.3
Indonesia,Southeast Asia,2010,Cassava,15.17,24.86,1222.3,No,69.1,1.87,34.7
Indonesia,Southeast Asia,2004,Cassava,15.97,24.68,1432.7,No,100.8,0.67,29.5
China,East Asia,2018,Maize (Corn),5.02,22.41,1159.1,No,40.7,1.27,22.9
Argentina,South America,2008,Cassava,16.36,24.36,988.5,No,100.1,7.95,20.7
Pakistan,South Asia,2006,Rice,7.73,21.84,825.0,No,102.7,10.67,33.5
South Africa,Sub-Saharan Africa,2002,Wheat,6.53,25.5,991.7,No,150.9,5.23,53.9
Turkey,Middle East & North Africa,2015,Cassava,13.23,25.96,616.2,No,85.5,2.84,45.2
South Africa,Sub-Saharan Africa,2019,Rice,6.51,27.73,876.0,No,108.7,3.5,50.3
Australia,Oceania,2015,Soybeans,5.3,23.59,1131.4,No,147.9,6.06,12.4
United States,North America,2016,Wheat,3.46,18.0,840.3,Yes,85.6,4.6,44.3
Nigeria,Sub-Saharan Africa,2001,Cassava,16.14,27.67,887.2,No,96.9,7.34,56.6
Kenya,Sub-Saharan Africa,2001,Maize (Corn),6.11,30.24,1051.0,No,78.5,0.77,62.3
Vietnam,Southeast Asia,2002,Wheat,6.02,20.38,1152.8,No,109.6,4.43,23.3
Thailand,Southeast Asia,2019,Wheat,4.1,25.07,1852.5,Yes,109.8,4.94,37.4
United States,North America,2020,Potatoes,23.41,15.3,1266.5,No,70.8,2.63,28.2
Vietnam,Southeast Asia,2002,Cassava,16.4,20.33,1516.5,No,140.0,4.56,21.1
Canada,North America,2005,Maize (Corn),6.48,11.49,1198.0,No,49.2,2.3,30.1
Pakistan,South Asia,2003,Cassava,15.56,23.26,929.9,No,73.0,3.31,44.0
Sudan,Sub-Saharan Africa,2006,Rice,5.57,26.91,1113.2,No,101.7,0.57,57.3
Nigeria,Sub-Saharan Africa,2003,Cassava,16.46,27.51,1164.3,No,116.5,4.81,53.5
Germany,Europe,2020,Maize (Corn),7.27,20.77,1136.1,No,162.0,2.56,25.2
China,East Asia,2015,Wheat,4.56,20.71,705.6,No,63.8,2.51,19.5
Tanzania,Sub-Saharan Africa,2022,Rice,8.46,24.87,790.8,No,237.8,6.09,62.9
China,East Asia,2009,Wheat,6.63,23.02,996.2,No,159.6,3.52,17.9
Brazil,South America,2021,Maize (Corn),5.68,25.03,1135.5,No,80.3,1.5,28.6
Bangladesh,South Asia,2006,Rice,6.87,18.71,781.9,No,155.4,2.5,52.3
Pakistan,South Asia,2014,Cassava,17.71,21.76,1008.7,No,195.8,7.08,36.5
Argentina,South America,2008,Soybeans,4.46,17.24,852.1,No,95.6,1.99,19.1
Uganda,Sub-Saharan Africa,2015,Soybeans,4.02,27.51,971.3,No,61.6,1.45,59.2
Kenya,Sub-Saharan Africa,2011,Potatoes,15.72,28.94,767.3,Yes,68.9,8.39,89.1
Argentina,South America,2004,Wheat,5.15,22.41,963.8,No,76.2,4.2,17.3
China,East Asia,2016,Soybeans,6.24,20.87,736.1,No,225.1,1.37,15.2
Egypt,Middle East & North Africa,2023,Maize (Corn),4.4,24.51,559.9,Yes,85.5,1.47,61.2
Indonesia,Southeast Asia,2000,Soybeans,5.13,22.84,1265.3,No,154.2,1.18,25.4
Pakistan,South Asia,2015,Wheat,4.88,25.81,1091.7,Yes,147.5,4.7,66.2
Australia,Oceania,2016,Maize (Corn),6.17,22.8,1095.7,No,42.4,1.27,24.3
Kenya,Sub-Saharan Africa,2006,Cassava,16.14,26.02,768.3,No,110.6,1.17,54.8
Pakistan,South Asia,2009,Maize (Corn),6.78,21.35,1364.9,No,63.8,5.01,52.8
Thailand,Southeast Asia,2002,Cassava,14.86,20.34,1245.7,No,50.4,1.34,25.0
Nigeria,Sub-Saharan Africa,2015,Rice,5.24,26.74,712.2,No,87.2,2.79,50.7
United States,North America,2006,Cassava,7.55,16.83,576.4,Yes,87.5,1.17,63.7
France,Europe,2003,Rice,5.35,11.33,866.7,No,62.8,1.34,17.6
Egypt,Middle East & North Africa,2010,Cassava,15.83,23.89,653.2,No,76.8,5.46,51.8
Egypt,Middle East & North Africa,2012,Wheat,5.76,21.75,480.6,No,69.0,6.23,39.8
Sudan,Sub-Saharan Africa,2021,Rice,5.93,26.33,778.3,No,95.6,7.07,63.2
India,South Asia,2003,Soybeans,4.03,20.98,1301.6,No,35.4,3.46,40.3
Mexico,North America,2009,Wheat,4.9,13.12,897.4,No,74.0,1.09,31.5
Uganda,Sub-Saharan Africa,2022,Soybeans,3.77,26.71,523.1,No,45.4,0.26,48.5
France,Europe,2017,Rice,6.13,14.97,1198.6,No,105.9,4.68,30.1
Turkey,Middle East & North Africa,2014,Soybeans,4.29,23.76,987.5,No,89.1,2.23,44.3
Nigeria,Sub-Saharan Africa,2011,Cassava,17.83,24.6,1395.6,No,230.1,6.14,59.0
Vietnam,Southeast Asia,2001,Potatoes,23.1,24.58,1404.8,No,66.4,4.45,28.2
South Africa,Sub-Saharan Africa,2005,Soybeans,6.06,24.91,1088.5,No,172.3,4.25,60.2
Ethiopia,Sub-Saharan Africa,2019,Soybeans,4.15,28.5,1305.9,No,79.0,3.08,51.6
Indonesia,Southeast Asia,2004,Rice,7.93,23.36,1250.9,No,206.7,4.62,17.1
China,East Asia,2016,Potatoes,24.45,21.39,616.2,No,146.0,3.44,22.2
Sudan,Sub-Saharan Africa,2023,Cassava,15.34,26.93,568.1,No,67.4,5.37,62.4
Ethiopia,Sub-Saharan Africa,2013,Maize (Corn),6.44,26.51,808.2,No,50.9,2.52,56.2
Kenya,Sub-Saharan Africa,2022,Wheat,5.3,30.26,822.5,No,93.2,1.49,48.9
Bangladesh,South Asia,2010,Potatoes,23.87,21.54,800.8,No,127.0,0.26,43.6
Argentina,South America,2008,Rice,7.4,21.62,997.1,No,179.9,3.14,24.3
Germany,Europe,2023,Wheat,4.45,14.77,1278.1,No,84.8,0.43,18.1
Tanzania,Sub-Saharan Africa,2022,Potatoes,23.04,27.14,648.4,No,68.0,2.11,58.5
Argentina,South America,2018,Rice,5.79,23.77,616.9,No,64.5,2.49,19.9
Egypt,Middle East & North Africa,2015,Cassava,8.76,19.73,318.0,Yes,88.5,2.54,75.0
Canada,North America,2001,Cassava,15.53,12.34,473.0,No,84.7,1.49,31.9
Sudan,Sub-Saharan Africa,2002,Maize (Corn),6.51,26.76,899.3,No,65.9,2.94,60.3
Ethiopia,Sub-Saharan Africa,2013,Rice,4.99,26.97,1144.8,No,57.6,1.32,57.2
Uganda,Sub-Saharan Africa,2013,Rice,6.12,30.21,1276.7,No,112.2,1.98,56.0
Turkey,Middle East & North Africa,2016,Wheat,6.11,20.61,1034.3,No,90.3,7.77,32.1
South Africa,Sub-Saharan Africa,2010,Cassava,16.12,26.36,729.0,No,101.4,1.61,52.6
Indonesia,Southeast Asia,2012,Rice,5.85,22.21,1464.2,No,76.6,1.21,30.5
Nigeria,Sub-Saharan Africa,2023,Cassava,16.58,24.8,986.5,No,143.8,3.79,54.9
Germany,Europe,2009,Maize (Corn),7.12,14.38,1389.3,No,82.1,1.41,17.2
South Africa,Sub-Saharan Africa,2024,Maize (Corn),7.3,24.55,1157.1,No,126.7,1.63,59.2
South Africa,Sub-Saharan Africa,2021,Potatoes,23.53,27.51,1034.4,No,61.3,3.65,54.6
India,South Asia,2010,Soybeans,4.02,21.34,932.0,No,66.3,5.62,31.0
Argentina,South America,2009,Maize (Corn),6.46,24.51,1052.1,No,62.3,1.62,33.6
South Africa,Sub-Saharan Africa,2005,Potatoes,23.63,23.29,1205.6,No,94.7,1.1,52.1
South Africa,Sub-Saharan Africa,2012,Cassava,16.34,24.74,856.1,No,136.4,1.65,50.3
Uganda,Sub-Saharan Africa,2005,Cassava,15.72,26.17,1166.7,No,91.3,3.46,52.9
Uganda,Sub-Saharan Africa,2012,Maize (Corn),8.0,27.85,1226.6,No,101.7,5.8,46.5
United States,North America,2005,Rice,5.58,15.23,945.6,No,85.9,0.63,32.9
Bangladesh,South Asia,2012,Soybeans,5.03,20.71,697.4,No,128.9,2.18,36.7
Australia,Oceania,2025,Soybeans,5.73,22.52,731.5,No,169.6,1.91,21.4
